implementation,sequence_length,embedding_dim,dtype,q_tile,k_tile,forward_ms,backward_ms,forward_backward_ms,forward_peak_gb,forward_backward_peak_gb,forward_incremental_gb,forward_backward_incremental_gb,experiment,status,wall_seconds,stage,error,validation_seconds,forward_first_call_seconds,backward_first_call_seconds,forward_backward_first_call_seconds
flash_pytorch_compiled,1024,128,bfloat16,1024,1024,0.037376001477241516,0.19072000682353973,0.31561601161956787,0.07052288,0.07497728,0.00236544,0.00681984,main,ok,7.325042931828648,complete,,2.8215510547161102,0.0005286592058837414,0.00207911292091012,0.0005972208455204964
flash_pytorch_compiled,1024,128,float32,1024,1024,0.04451199993491173,0.14867199957370758,0.2826240062713623,0.073936896,0.082845696,0.00473088,0.01363968,main,ok,7.074482060968876,complete,,2.6240345402620733,0.0006111310794949532,0.00196600379422307,0.0005344618111848831
flash_pytorch_compiled,1024,16,bfloat16,1024,1024,0.04227200150489807,0.14444799721240997,0.31518399715423584,0.069376,0.073601024,0.002136064,0.006361088,main,ok,7.12449765112251,complete,,2.5307377078570426,0.0005532568320631981,0.0015025646425783634,0.0005380050279200077
flash_pytorch_compiled,1024,16,float32,1024,1024,0.08355200290679932,0.21699200570583344,0.3941120058298111,0.071643136,0.080093184,0.004272128,0.012722176,main,ok,7.375682902988046,complete,,2.756416937801987,0.000623025931417942,0.001452211756259203,0.0006743660196661949
flash_pytorch_compiled,1024,32,bfloat16,1024,1024,0.03872000053524971,0.19008000195026398,0.3176160007715225,0.06953984,0.073797632,0.002168832,0.006426624,main,ok,7.125621166080236,complete,,2.6808633017353714,0.0005505508743226528,0.001409974880516529,0.0005894252099096775
flash_pytorch_compiled,1024,32,float32,1024,1024,0.04531199857592583,0.15199999511241913,0.287200003862381,0.071970816,0.0804864,0.004337664,0.012853248,main,ok,7.275211772881448,complete,,2.754251405131072,0.0005473759956657887,0.0016632690094411373,0.0005409382283687592
flash_pytorch_compiled,1024,64,bfloat16,1024,1024,0.03868800029158592,0.19017600268125534,0.4158719927072525,0.06986752,0.074190848,0.002234368,0.006557696,main,ok,7.1749922428280115,complete,,2.646027820184827,0.0005250480026006699,0.0014489442110061646,0.0005745687521994114
flash_pytorch_compiled,1024,64,float32,1024,1024,0.07462400197982788,0.20582400262355804,0.37644800543785095,0.072626176,0.081272832,0.004468736,0.013115392,main,ok,7.074793505016714,complete,,2.63512523425743,0.0005946480669081211,0.0018948051147162914,0.0006688102148473263
flash_pytorch_compiled,128,128,bfloat16,128,128,0.07558400183916092,0.18160000443458557,0.3495039939880371,0.067307008,0.067437056,6.7072e-05,0.00019712,main,ok,7.976563715841621,complete,,3.1806409982964396,0.0004273541271686554,0.0013372879475355148,0.0006059808656573296
flash_pytorch_compiled,128,128,float32,128,128,0.04318400099873543,0.1794240027666092,0.31175999343395233,0.067503616,0.067764736,0.000132608,0.000393728,main,ok,8.176105785183609,complete,,3.4823303748853505,0.00035284319892525673,0.001493311021476984,0.000581447035074234
flash_pytorch_compiled,128,16,bfloat16,128,128,0.07187200337648392,0.24238400161266327,0.44310399889945984,0.067163648,0.067294208,3.84e-05,0.00016896,main,ok,7.675706031732261,complete,,2.880697974935174,0.00043545104563236237,0.0013479930348694324,0.000728268176317215
flash_pytorch_compiled,128,16,float32,128,128,0.07599999755620956,0.20457600057125092,0.369488000869751,0.067216896,0.067478528,7.5264e-05,0.000336896,main,ok,7.575570153072476,complete,,2.9933737199753523,0.0004640216939151287,0.001408071257174015,0.0006634220480918884
flash_pytorch_compiled,128,32,bfloat16,128,128,0.07633600011467934,0.19569600373506546,0.3644160032272339,0.067184128,0.067314688,4.2496e-05,0.000173056,main,ok,7.525527135003358,complete,,2.739165293984115,0.00042597902938723564,0.0007217871025204659,0.000642784871160984
flash_pytorch_compiled,128,32,float32,128,128,0.07478400319814682,0.24985599517822266,0.4468640089035034,0.067257856,0.067519488,8.3456e-05,0.000345088,main,ok,7.2756806327961385,complete,,2.607829449698329,0.0008133389055728912,0.0020441748201847076,0.0007396447472274303
flash_pytorch_compiled,128,64,bfloat16,128,128,0.07865600287914276,0.20003199577331543,0.3659519851207733,0.067225088,0.067355648,5.0688e-05,0.000181248,main,ok,5.923330039251596,complete,,0.9195791678503156,0.0004284568130970001,0.0013475921005010605,0.0006483467295765877
flash_pytorch_compiled,128,64,float32,128,128,0.07465600222349167,0.2001279965043068,0.3630079925060272,0.067339776,0.067601408,9.984e-05,0.000361472,main,ok,5.5234331376850605,complete,,0.8346318178810179,0.00044145481660962105,0.001444811001420021,0.0006382190622389317
flash_pytorch_compiled,16384,128,bfloat16,1024,1024,8.00488018989563,30.8907527923584,44.10990333557129,0.196016128,0.675610624,0.112130048,0.591724544,main,ok,177.15357084572315,complete,,1.3822023537941277,67.78991705691442,96.48810291988775,0.04269212391227484
flash_pytorch_compiled,16384,128,float32,1024,1024,8.57868766784668,25.186304092407227,37.60987091064453,0.324923392,1.284112384,0.224260096,1.183449088,main,ok,154.13041227310896,complete,,0.9053846290335059,58.780118697788566,85.0804880480282,0.03802112489938736
flash_pytorch_compiled,16384,16,bfloat16,1024,1024,7.50867223739624,21.43955135345459,32.622047424316406,0.135886848,0.616628224,0.066680832,0.547422208,main,ok,148.68024771101773,complete,,1.2347817909903824,52.366800013929605,85.48278680443764,0.03362407814711332
flash_pytorch_compiled,16384,16,float32,1024,1024,6.467167854309082,23.84809684753418,36.1833438873291,0.204664832,1.166147584,0.133361664,1.094844416,main,ok,140.54645146103576,complete,,0.9715428310446441,46.14260851498693,84.15211600903422,0.03600477706640959
flash_pytorch_compiled,16384,32,bfloat16,1024,1024,7.596271991729736,21.520544052124023,33.384769439697266,0.174979072,0.625082368,0.103675904,0.5537792,main,ok,145.25327895069495,complete,,1.2164329439401627,52.84444967890158,81.66698777209967,0.03206983394920826
flash_pytorch_compiled,16384,32,float32,1024,1024,8.530943870544434,23.289487838745117,36.14108848571777,0.28284928,1.183055872,0.207351808,1.1075584,main,ok,149.50355681497604,complete,,1.1592912767082453,53.222799052949995,85.73401016928256,0.035567996092140675
flash_pytorch_compiled,16384,64,bfloat16,1024,1024,7.7787840366363525,23.001343727111816,35.62820816040039,0.181991424,0.64192512,0.106493952,0.566427648,main,ok,154.94260643422604,complete,,1.231592067051679,56.67167784180492,87.24316181521863,0.03461151523515582
flash_pytorch_compiled,16384,64,float32,1024,1024,7.867167949676514,27.87004852294922,39.12615966796875,0.296873984,1.216741376,0.212987904,1.132855296,main,ok,160.13876063097268,complete,,1.005900975316763,57.043289840221405,90.82754992088303,0.0412418651394546
flash_pytorch_compiled,2048,128,bfloat16,1024,1024,0.1345279961824417,0.4116800129413605,0.7119359970092773,0.078401536,0.082321408,0.00919552,0.013115392,main,ok,10.72997810691595,complete,,5.8907425557263196,0.000811469741165638,0.0026037869974970818,0.0009999568574130535
flash_pytorch_compiled,2048,128,float32,1024,1024,0.21596799790859222,0.6069280207157135,1.1870720386505127,0.089694208,0.097533952,0.01839104,0.026230784,main,ok,10.581106468569487,complete,,5.466899419203401,0.0011169030331075191,0.0031766206957399845,0.0014294148422777653
flash_pytorch_compiled,2048,16,bfloat16,1024,1024,0.13651200383901596,0.40560001134872437,0.6429759860038757,0.0758784,0.076357632,0.008507392,0.008986624,main,ok,9.329031976871192,complete,,4.499612858053297,0.0006510196253657341,0.0022382610477507114,0.0008933381177484989
flash_pytorch_compiled,2048,16,float32,1024,1024,0.14796799421310425,0.6087039709091187,0.8253759741783142,0.084647936,0.0856064,0.017014784,0.017973248,main,ok,9.47826321888715,complete,,4.602657752111554,0.0006903437897562981,0.002881564199924469,0.0011008158326148987
flash_pytorch_compiled,2048,32,bfloat16,1024,1024,0.13176000118255615,0.5603839755058289,0.7649120092391968,0.076238848,0.0772096,0.008605696,0.009576448,main,ok,9.628441358916461,complete,,5.055178553797305,0.0006666760891675949,0.0023265359923243523,0.0011113481596112251
flash_pytorch_compiled,2048,32,float32,1024,1024,0.15036800503730774,0.6653760075569153,1.0418720245361328,0.085368832,0.087310336,0.017211392,0.019152896,main,ok,10.429894135799259,complete,,5.155140283983201,0.00087404390797019,0.0031867572106420994,0.0014996440149843693
flash_pytorch_compiled,2048,64,bfloat16,1024,1024,0.13398399949073792,0.4512320011854172,0.7190080285072327,0.076959744,0.078913536,0.008802304,0.010756096,main,ok,9.828676918055862,complete,,5.109321337193251,0.001042946707457304,0.0027159759774804115,0.0009684399701654911
flash_pytorch_compiled,2048,64,float32,1024,1024,0.14315199851989746,0.4887680113315582,0.7698559761047363,0.086810624,0.090718208,0.017604608,0.021512192,main,ok,9.57842366071418,complete,,4.9179324908182025,0.0008143391460180283,0.0010313000530004501,0.001012934371829033
flash_pytorch_compiled,256,128,bfloat16,256,256,0.03977600112557411,0.19763199985027313,0.32371199131011963,0.067569152,0.06789632,0.000198144,0.000525312,main,ok,8.026674503926188,complete,,2.8559529669582844,0.00038983114063739777,0.00143428985029459,0.0005884910933673382
flash_pytorch_compiled,256,128,float32,256,256,0.07760000228881836,0.15139200538396835,0.3208480030298233,0.06802944,0.069076992,0.000396288,0.00144384,main,ok,7.927858559880406,complete,,2.960412141866982,0.00047463690862059593,0.0014840341173112392,0.0006164079532027245
flash_pytorch_compiled,256,16,bfloat16,256,256,0.039983998984098434,0.1913440003991127,0.31750398874282837,0.067282432,0.067552256,0.0001408,0.000410624,main,ok,7.625330571085215,complete,,2.9354766639880836,0.00039554620161652565,0.0013716812245547771,0.0005612960085272789
flash_pytorch_compiled,256,16,float32,256,256,0.04428799822926521,0.20158399641513824,0.33110399544239044,0.067456,0.068503552,0.0002816,0.001329152,main,ok,7.375147951301187,complete,,2.6717466013506055,0.00042212195694446564,0.001426040194928646,0.0006436039693653584
flash_pytorch_compiled,256,32,bfloat16,256,256,0.040991999208927155,0.19475199282169342,0.3280799984931946,0.067323392,0.067601408,0.000148992,0.000427008,main,ok,7.274778808932751,complete,,2.902322528883815,0.0003662891685962677,0.0014295252040028572,0.0006263731047511101
flash_pytorch_compiled,256,32,float32,256,256,0.04198399931192398,0.15248000621795654,0.35891200602054596,0.06753792,0.068585472,0.000297984,0.001345536,main,ok,7.325301941018552,complete,,2.617667678743601,0.0004423670470714569,0.0016254051588475704,0.0006792419590055943
flash_pytorch_compiled,256,64,bfloat16,256,256,0.042080000042915344,0.19486399739980698,0.33238399028778076,0.067405312,0.067699712,0.000165376,0.000459776,main,ok,7.62615314591676,complete,,2.2634363239631057,0.0003702300600707531,0.0015278290957212448,0.0005649351514875889
flash_pytorch_compiled,256,64,float32,256,256,0.0453919991850853,0.20212800055742264,0.3352000117301941,0.06770176,0.068749312,0.000330752,0.001378304,main,ok,6.975416193250567,complete,,2.1773266210220754,0.0004244130104780197,0.0015646852552890778,0.0005842139944434166
flash_pytorch_compiled,32768,128,bfloat16,1024,1024,33.33598518371582,,,0.400384,,0.299720704,,main,timeout,600.5115564861335,backward_first_call,Exceeded 600s per-case limit,1.1542544746771455,238.39447906194255,,
flash_pytorch_compiled,32768,128,float32,1024,1024,34.52726364135742,,,0.733659136,,0.599441408,,main,timeout,600.4851227048784,backward_first_call,Exceeded 600s per-case limit,1.143154686782509,234.178640617989,,
flash_pytorch_compiled,32768,16,bfloat16,1024,1024,30.02454376220703,101.38864135742188,130.25999450683594,0.19218432,0.19218432,0.120881152,0.120881152,main,ok,593.0953038888983,complete,,1.2286646603606641,192.95358852436766,374.6565099651925,0.13035424798727036
flash_pytorch_compiled,32768,16,float32,1024,1024,25.210079193115234,104.66582489013672,135.756103515625,0.317259776,0.317259776,0.241762304,0.241762304,main,ok,566.8513522092253,complete,,0.9853011718951166,180.75633816234767,361.3698873538524,0.14426526008173823
flash_pytorch_compiled,32768,32,bfloat16,1024,1024,30.114240646362305,93.90204620361328,125.37353515625,0.35221504,0.35221504,0.276717568,0.276717568,main,ok,596.6505945329554,complete,,1.237929267808795,193.16215648176149,377.7821791660972,0.1323055000975728
flash_pytorch_compiled,32768,32,float32,1024,1024,25.667423248291016,104.04399871826172,135.56008911132812,0.637321216,0.637321216,0.553435136,0.553435136,main,ok,590.173706267029,complete,,1.0466257380321622,200.61549163609743,364.57948417728767,0.143545291852206
flash_pytorch_compiled,32768,64,bfloat16,1024,1024,30.241024017333984,,,0.36827136,,0.28438528,,main,timeout,600.4456222080626,backward_first_call,Exceeded 600s per-case limit,1.0537580498494208,212.01967823738232,,
flash_pytorch_compiled,32768,64,float32,1024,1024,32.03580856323242,104.8424301147461,166.49757385253906,0.669433856,0.669433856,0.56877056,0.56877056,main,timeout,600.3145432118326,complete,Exceeded 600s per-case limit,1.178311123047024,207.5327802770771,370.27064302098006,0.14972163224592805
flash_pytorch_compiled,4096,128,bfloat16,1024,1024,0.4336960017681122,1.4787999987602234,2.109344005584717,0.09048064,0.117456896,0.019177472,0.046153728,main,ok,15.561554027255625,complete,,1.0309497648850083,3.606741559226066,5.611167706083506,0.003248219843953848
flash_pytorch_compiled,4096,128,float32,1024,1024,0.5098239779472351,1.6090879440307617,2.1218080520629883,0.113852416,0.167804928,0.038354944,0.092307456,main,ok,15.686695152893662,complete,,1.1293613109737635,3.866371559910476,5.820350012741983,0.0032464968971908092
flash_pytorch_compiled,4096,16,bfloat16,1024,1024,0.44016000628471375,1.5047200322151184,1.940000057220459,0.08474624,0.106446848,0.017113088,0.038813696,main,ok,13.987150703091174,complete,,0.9631616319529712,3.081154685933143,5.093858278822154,0.0027842731215059757
flash_pytorch_compiled,4096,16,float32,1024,1024,0.4753919988870621,1.5636159777641296,2.2547839879989624,0.102383616,0.145784832,0.034226176,0.077627392,main,ok,14.034914781805128,complete,,0.9009977648966014,3.030428729020059,5.094489322975278,0.0029551112093031406
flash_pytorch_compiled,4096,32,bfloat16,1024,1024,0.4321279972791672,1.9230239987373352,2.3639519214630127,0.08556544,0.108019712,0.017408,0.039862272,main,ok,15.643702011089772,complete,,1.2146682860329747,3.605463169980794,5.6773851490579545,0.0035024527460336685
flash_pytorch_compiled,4096,32,float32,1024,1024,0.4804159998893738,2.041856050491333,2.5612800121307373,0.104022016,0.14893056,0.034816,0.079724544,main,ok,15.010146355256438,complete,,0.9602601951919496,3.2097297636792064,5.983959254343063,0.003343879710882902
flash_pytorch_compiled,4096,64,bfloat16,1024,1024,0.44358399510383606,1.4979519844055176,2.136672019958496,0.08720384,0.11116544,0.017997824,0.041959424,main,ok,15.537240421865135,complete,,1.2163532297126949,3.855843149125576,5.232937084976584,0.002527877688407898
flash_pytorch_compiled,4096,64,float32,1024,1024,0.45798400044441223,1.548192024230957,2.5174400806427,0.107298816,0.155222016,0.035995648,0.083918848,main,ok,16.176025884225965,complete,,1.1766570289619267,3.656902930699289,6.144386224914342,0.002512772101908922
flash_pytorch_compiled,512,128,bfloat16,512,512,0.07126399874687195,0.1974399983882904,0.4305119961500168,0.068291584,0.069470208,0.000658432,0.001837056,main,ok,7.825897069182247,complete,,3.0558013301342726,0.0004544062539935112,0.0019219471141695976,0.0006427131593227386
flash_pytorch_compiled,512,128,float32,512,512,0.04428799822926521,0.20416000485420227,0.41836801171302795,0.069474304,0.071831552,0.001316864,0.003674112,main,ok,7.225629207678139,complete,,2.7380636078305542,0.0005519408732652664,0.0023584794253110886,0.0005886987783014774
flash_pytorch_compiled,512,16,bfloat16,512,512,0.03907199949026108,0.13900800049304962,0.3224320113658905,0.067718144,0.06878208,0.000543744,0.00160768,main,ok,7.375232263933867,complete,,2.579854039940983,0.00036340905353426933,0.0006156410090625286,0.0004925988614559174
flash_pytorch_compiled,512,16,float32,512,512,0.044624000787734985,0.20297600328922272,0.33212798833847046,0.068327424,0.070455296,0.001087488,0.00321536,main,ok,7.42549704015255,complete,,2.6569651970639825,0.00037876004353165627,0.0021628509275615215,0.0005891099572181702
flash_pytorch_compiled,512,32,bfloat16,512,512,0.03824000060558319,0.18860800564289093,0.3148159980773926,0.067800064,0.068880384,0.000560128,0.001640448,main,ok,8.226129808928818,complete,,3.0226884582079947,0.00039209984242916107,0.00137745076790452,0.0005488698370754719
flash_pytorch_compiled,512,32,float32,512,512,0.04265600070357323,0.20393599569797516,0.34304000437259674,0.068491264,0.070651904,0.001120256,0.003280896,main,ok,7.074813432991505,complete,,2.624876228161156,0.0004095081239938736,0.0020992797799408436,0.0007042670622467995
flash_pytorch_compiled,512,64,bfloat16,512,512,0.07289600372314453,0.20307199656963348,0.3657279908657074,0.067963904,0.069076992,0.000592896,0.001705984,main,ok,7.677272865083069,complete,,2.9001979832537472,0.00042469240725040436,0.0014474443159997463,0.0006924979388713837
flash_pytorch_compiled,512,64,float32,512,512,0.04124800115823746,0.20032000541687012,0.33260801434516907,0.068818944,0.07104512,0.001185792,0.003411968,main,ok,7.0745146363042295,complete,,2.5730426921509206,0.0004207361489534378,0.0019446578808128834,0.0005928161554038525
flash_pytorch_compiled,8192,128,bfloat16,1024,1024,2.0236159563064575,7.267263889312744,9.901887893676758,0.113297408,0.239108096,0.037799936,0.163610624,main,ok,41.733185588847846,complete,,1.0670739728957415,12.75205994118005,22.094013340305537,0.012155063915997744
flash_pytorch_compiled,8192,128,float32,1024,1024,2.0914080142974854,6.386047840118408,8.479583740234375,0.159485952,0.411107328,0.075599872,0.327221248,main,ok,40.00478915031999,complete,,1.133223693817854,11.55094643868506,21.597189729101956,0.009984482079744339
flash_pytorch_compiled,8192,16,bfloat16,1024,1024,2.0361920595169067,5.644848108291626,7.234047889709473,0.10228736,0.209747968,0.03412992,0.141590528,main,ok,41.78870923817158,complete,,1.0316579099744558,12.356229322962463,22.5839274097234,0.009742551948875189
flash_pytorch_compiled,8192,16,float32,1024,1024,2.2348159551620483,7.647183895111084,10.54534387588501,0.137465856,0.352387072,0.06825984,0.283181056,main,ok,37.25551075907424,complete,,0.9648527200333774,10.4347840892151,19.80318747460842,0.011781760957092047
flash_pytorch_compiled,8192,32,bfloat16,1024,1024,2.07590389251709,7.4481120109558105,10.210495948791504,0.103860224,0.213942272,0.034654208,0.144736256,main,ok,43.94649520423263,complete,,1.1895968960598111,13.617001664359123,22.74920332664624,0.011304418090730906
flash_pytorch_compiled,8192,32,float32,1024,1024,2.246527910232544,7.751967906951904,10.834959983825684,0.140611584,0.36077568,0.069308416,0.289472512,main,ok,40.753151077311486,complete,,1.1339039439335465,11.23393331700936,22.27847977820784,0.012495195958763361
flash_pytorch_compiled,8192,64,bfloat16,1024,1024,2.059904098510742,5.548831939697266,7.825551986694336,0.107005952,0.22233088,0.035702784,0.151027712,main,ok,43.752352707087994,complete,,1.0534634259529412,14.491733665112406,22.293653244152665,0.009998622816056013
flash_pytorch_compiled,8192,64,float32,1024,1024,2.187391996383667,7.588112115859985,9.646175861358643,0.14690304,0.377552896,0.071405568,0.302055424,main,ok,40.006949251983315,complete,,0.9803795800544322,11.730385974049568,21.80480715725571,0.010064688045531511
flash_pytorch,1024,128,bfloat16,1024,1024,0.2587200105190277,0.4702399969100952,0.7749760150909424,0.076046336,0.084692992,0.007888896,0.016535552,main,ok,5.271970817353576,complete,,0.0027903039008378983,0.0008857632055878639,0.0019934261217713356,0.001280269119888544
flash_pytorch,1024,128,float32,1024,1024,0.19519999623298645,0.3563520014286041,0.6780639886856079,0.083918848,0.102260736,0.014712832,0.03305472,main,ok,5.121713734231889,complete,,0.0019777012057602406,0.0007764301262795925,0.002006293274462223,0.001051170751452446
flash_pytorch,1024,16,bfloat16,1024,1024,0.1818240061402321,0.3347359895706177,0.6434719860553741,0.07467008,0.082169856,0.007430144,0.01492992,main,ok,5.02148636104539,complete,,0.002200764138251543,0.0006726458668708801,0.0019157961942255497,0.00099947489798069
flash_pytorch,1024,16,float32,1024,1024,0.19734400510787964,0.3596480041742325,0.895583987236023,0.081166336,0.097214464,0.013795328,0.029843456,main,ok,5.172044936101884,complete,,0.0020665419287979603,0.0006439988501369953,0.0022559179924428463,0.0010954970493912697
flash_pytorch,1024,32,bfloat16,1024,1024,0.2685759961605072,0.47385598719120026,0.8722560107707977,0.074866688,0.082530304,0.00749568,0.015159296,main,ok,5.472788226325065,complete,,0.0026991567574441433,0.0007737330161035061,0.0019837170839309692,0.0011720163747668266
flash_pytorch,1024,32,float32,1024,1024,0.2704959958791733,0.4862079918384552,0.8825599849224091,0.081559552,0.09793536,0.0139264,0.030302208,main,ok,5.372483793180436,complete,,0.002530770841985941,0.0008919769898056984,0.0020249933004379272,0.001341204158961773
flash_pytorch,1024,64,bfloat16,1024,1024,0.1871359944343567,0.47646400332450867,0.7818560004234314,0.075259904,0.0832512,0.007626752,0.015618048,main,ok,5.221764936111867,complete,,0.00234809797257185,0.0007403790950775146,0.002043616957962513,0.001385997049510479
flash_pytorch,1024,64,float32,1024,1024,0.2011680006980896,0.4947519898414612,0.8114240169525146,0.082345984,0.099377152,0.014188544,0.031219712,main,ok,5.17202588589862,complete,,0.002186689991503954,0.000719528179615736,0.0020348988473415375,0.0012938710860908031
flash_pytorch,128,128,bfloat16,128,128,0.1913599967956543,0.47523200511932373,0.8053439855575562,0.067490304,0.06770176,0.000250368,0.000461824,main,ok,5.2222325331531465,complete,,0.002608025912195444,0.00045188330113887787,0.0022418913431465626,0.001232977956533432
flash_pytorch,128,128,float32,128,128,0.27535998821258545,0.4867199957370758,0.8833759725093842,0.067850752,0.068291584,0.000479744,0.000920576,main,ok,5.07173142163083,complete,,0.002553930040448904,0.0005624080076813698,0.002045874949544668,0.0013033859431743622
flash_pytorch,128,16,bfloat16,128,128,0.2709759920835495,0.4768959879875183,0.7733759880065918,0.067252224,0.067386368,0.000126976,0.00026112,main,ok,5.322720524854958,complete,,0.003176020924001932,0.0005371598526835442,0.0012951199896633625,0.0013030171394348145
flash_pytorch,128,16,float32,128,128,0.2574720084667206,0.4907839894294739,0.8620159924030304,0.067375104,0.0676608,0.000233472,0.000519168,main,ok,5.121850157622248,complete,,0.002704789862036705,0.0008723819628357887,0.0021113199181854725,0.0013675899244844913
flash_pytorch,128,32,bfloat16,128,128,0.26214399933815,0.47094400227069855,0.85521599650383,0.0672768,0.067431424,0.000135168,0.000289792,main,ok,5.271944703999907,complete,,0.004170771688222885,0.0007348489016294479,0.0025649690069258213,0.0013502463698387146
flash_pytorch,128,32,float32,128,128,0.2818560004234314,0.5247359871864319,0.9217439889907837,0.067424256,0.067750912,0.000249856,0.000576512,main,ok,5.422428536228836,complete,,0.002981786150485277,0.0005814661271870136,0.0022238497622311115,0.0014217118732631207
flash_pytorch,128,64,bfloat16,128,128,0.19119999557733536,0.3908799886703491,0.8051040172576904,0.067342848,0.067521536,0.000168448,0.000347136,main,ok,5.523134684190154,complete,,0.002419443801045418,0.00044798199087381363,0.001820526085793972,0.0014119739644229412
flash_pytorch,128,64,float32,128,128,0.2603359967470169,0.48204800486564636,0.8695039749145508,0.06755584,0.067931136,0.000315904,0.0006912,main,ok,5.272086897864938,complete,,0.0024682660587131977,0.0005539753474295139,0.0021446901373565197,0.0014324281364679337
flash_pytorch,16384,128,bfloat16,1024,1024,44.23534393310547,98.76300811767578,147.54202270507812,0.097837056,0.116211712,0.013950976,0.032325632,main,ok,8.780946579296142,complete,,0.46449183812364936,0.04541189596056938,0.10097297001630068,0.14738407265394926
flash_pytorch,16384,128,float32,1024,1024,32.101776123046875,96.01459503173828,135.63308715820312,0.127500288,0.165298176,0.026836992,0.06463488,main,ok,8.678113366942853,complete,,0.3454168373718858,0.04403007682412863,0.09996820660308003,0.13258693320676684
flash_pytorch,16384,16,bfloat16,1024,1024,40.74692726135254,92.52531433105469,139.19740295410156,0.0792576,0.086163456,0.010051584,0.01695744,main,ok,7.776193413883448,complete,,0.4007707708515227,0.04206484230235219,0.09598425915464759,0.13857526099309325
flash_pytorch,16384,16,float32,1024,1024,41.895118713378906,93.2573471069336,140.2758026123047,0.090341376,0.105201664,0.019038208,0.033898496,main,ok,7.475051385816187,complete,,0.3277202886529267,0.047657891642302275,0.09594714967533946,0.14001555321738124
flash_pytorch,16384,32,bfloat16,1024,1024,40.27363204956055,91.79910278320312,137.32608032226562,0.081911808,0.090456064,0.01060864,0.019152896,main,ok,7.57550605898723,complete,,0.4179193596355617,0.04139187419787049,0.09516698075458407,0.13901574676856399
flash_pytorch,16384,32,float32,1024,1024,42.054033279418945,94.5571517944336,141.2508087158203,0.095649792,0.11378688,0.02015232,0.038289408,main,ok,7.625695635098964,complete,,0.34258218901231885,0.04375074524432421,0.09721425594761968,0.1409858469851315
flash_pytorch,16384,64,bfloat16,1024,1024,41.252912521362305,91.33961486816406,137.12261962890625,0.087220224,0.09904128,0.011722752,0.023543808,main,ok,7.476892975158989,complete,,0.43294151686131954,0.041395187843590975,0.09389651892706752,0.13477532612159848
flash_pytorch,16384,64,float32,1024,1024,32.11113739013672,94.26592254638672,133.01344299316406,0.106266624,0.130957312,0.022380544,0.047071232,main,ok,7.477079708129168,complete,,0.2687502223998308,0.03355999710038304,0.09860880905762315,0.13239145977422595
flash_pytorch,2048,128,bfloat16,1024,1024,0.6304640173912048,1.7245759963989258,2.4104000329971313,0.079458304,0.08679424,0.010252288,0.017588224,main,ok,5.572391184978187,complete,,0.004341321997344494,0.0013317512348294258,0.004985300824046135,0.003139031585305929
flash_pytorch,2048,128,float32,1024,1024,0.8726879954338074,1.7568639516830444,2.703871965408325,0.090742784,0.106463232,0.019439616,0.035160064,main,ok,5.623445227276534,complete,,0.004841290879994631,0.0017154840752482414,0.0054341149516403675,0.0035690958611667156
flash_pytorch,2048,16,bfloat16,1024,1024,0.986160010099411,1.2484800219535828,1.9770560264587402,0.076935168,0.082436096,0.00956416,0.015065088,main,ok,5.572452941909432,complete,,0.0036993389949202538,0.0012188898399472237,0.003868799190968275,0.002770360093563795
flash_pytorch,2048,16,float32,1024,1024,0.6511359810829163,1.7530720233917236,2.7155520915985107,0.085696512,0.097746944,0.01806336,0.030113792,main,ok,5.222704904153943,complete,,0.003773977980017662,0.0012283828109502792,0.0050184899009764194,0.0030744909308850765
flash_pytorch,2048,32,bfloat16,1024,1024,0.8357920050621033,1.2909759879112244,2.4163039922714233,0.077295616,0.083058688,0.009662464,0.015425536,main,ok,6.023082877974957,complete,,0.004649715963751078,0.001623597927391529,0.0045844074338674545,0.0025706011801958084
flash_pytorch,2048,32,float32,1024,1024,0.6569600105285645,1.7650879621505737,2.488703966140747,0.086417408,0.098992128,0.018259968,0.030834688,main,ok,5.422318472992629,complete,,0.004223925992846489,0.0025566699914634228,0.004129029810428619,0.0028471089899539948
flash_pytorch,2048,64,bfloat16,1024,1024,0.6262400150299072,1.7350559830665588,2.3982560634613037,0.078016512,0.084303872,0.009859072,0.016146432,main,ok,5.322606201749295,complete,,0.004909388720989227,0.0012507028877735138,0.002399550750851631,0.003619135357439518
flash_pytorch,2048,64,float32,1024,1024,0.8757439851760864,1.3247040510177612,2.2986079454421997,0.0878592,0.101482496,0.018653184,0.03227648,main,ok,5.472564923577011,complete,,0.004360146354883909,0.0016111121512949467,0.004417899996042252,0.002669446635991335
flash_pytorch,256,128,bfloat16,256,256,0.18460799753665924,0.3439039885997772,0.8615520000457764,0.068033024,0.068752384,0.000662016,0.001381376,main,ok,6.124523321166635,complete,,0.002704048063606024,0.0006230557337403297,0.0009936257265508175,0.0010525239631533623
flash_pytorch,256,128,float32,256,256,0.1953279972076416,0.4853760004043579,0.7938079833984375,0.068887552,0.070391808,0.0012544,0.002758656,main,ok,5.271813467144966,complete,,0.002376300748437643,0.0004761102609336376,0.002682131715118885,0.00112623767927289
flash_pytorch,256,16,bfloat16,256,256,0.26312001049518585,0.4734080135822296,0.8595040142536163,0.067622912,0.0681216,0.00048128,0.000979968,main,ok,5.672671829350293,complete,,0.002751346677541733,0.0005345079116523266,0.0024819541722536087,0.001342268195003271
flash_pytorch,256,16,float32,256,256,0.19307199865579605,0.4923520088195801,0.8038079738616943,0.068067328,0.06913024,0.000892928,0.00195584,main,ok,4.772964175790548,complete,,0.003102990798652172,0.0004858747124671936,0.002485638950020075,0.0012209699489176273
flash_pytorch,256,32,bfloat16,256,256,0.18827199935913086,0.4728800058364868,0.7641280293464661,0.067672064,0.068211712,0.000497664,0.001037312,main,ok,5.221964969765395,complete,,0.002423651050776243,0.0004403572529554367,0.0019381879828870296,0.0013620979152619839
flash_pytorch,256,32,float32,256,256,0.27139198780059814,0.3572480082511902,0.7642239928245544,0.068165632,0.069310464,0.000925696,0.002070528,main,ok,5.322363098151982,complete,,0.002373458817601204,0.0005661961622536182,0.0028409832157194614,0.0011000731028616428
flash_pytorch,256,64,bfloat16,256,256,0.19014400243759155,0.4763519912958145,0.7843040227890015,0.067770368,0.068391936,0.000530432,0.001152,main,ok,5.372499922290444,complete,,0.0024549290537834167,0.0004591359756886959,0.001093139871954918,0.0012071067467331886
flash_pytorch,256,64,float32,256,256,0.1934560015797615,0.49854399263858795,0.7976159751415253,0.06836224,0.069670912,0.000991232,0.002299904,main,ok,4.771822996903211,complete,,0.0022275960072875023,0.00043936120346188545,0.003298221156001091,0.0015413169749081135
flash_pytorch,32768,128,bfloat16,1024,1024,129.1730499267578,375.3783874511719,441.2366638183594,0.118841344,0.14983168,0.018178048,0.049168384,main,ok,14.636245065834373,complete,,0.35295359091833234,0.12148892041295767,0.38749960297718644,0.49885835498571396
flash_pytorch,32768,128,float32,1024,1024,125.48601531982422,372.9730224609375,506.264892578125,0.169508864,0.232538112,0.035291136,0.098320384,main,ok,15.187312352005392,complete,,0.3261553361080587,0.13185194181278348,0.3778192922472954,0.5031853029504418
flash_pytorch,32768,16,bfloat16,1024,1024,157.89846801757812,362.6173400878906,436.1579895019531,0.081911808,0.090423296,0.01060864,0.019120128,main,ok,14.685397411230952,complete,,0.4335862738080323,0.16025683283805847,0.36521604796871543,0.5249806162901223
flash_pytorch,32768,16,float32,1024,1024,167.21884155273438,376.9035949707031,560.6791381835938,0.095649792,0.113721344,0.02015232,0.038223872,main,ok,15.336733897216618,complete,,0.28160603484138846,0.17250022711232305,0.39063393929973245,0.5500336322002113
flash_pytorch,32768,32,bfloat16,1024,1024,120.06575775146484,368.8702392578125,400.3124694824219,0.087187456,0.098910208,0.011689984,0.023412736,main,ok,13.534371620044112,complete,,0.35855208011344075,0.12146700778976083,0.3693099906668067,0.4890547841787338
flash_pytorch,32768,32,float32,1024,1024,125.08354949951172,374.85382080078125,414.17242431640625,0.106201088,0.130695168,0.022315008,0.046809088,main,ok,13.386190668214113,complete,,0.27709291502833366,0.12581910891458392,0.3816275829449296,0.48698233906179667
flash_pytorch,32768,64,bfloat16,1024,1024,163.24176025390625,277.9459533691406,454.31414794921875,0.097738752,0.115884032,0.013852672,0.031997952,main,ok,14.435921127907932,complete,,0.4210712290368974,0.16232383390888572,0.3780084936879575,0.4456498068757355
flash_pytorch,32768,64,float32,1024,1024,166.49317932128906,377.3550109863281,547.943603515625,0.12730368,0.164642816,0.026640384,0.06397952,main,ok,16.14554031798616,complete,,0.3352847988717258,0.1674809753894806,0.38005222100764513,0.5611519496887922
flash_pytorch,4096,128,bfloat16,1024,1024,2.334127902984619,6.374591827392578,9.355855941772461,0.08208384,0.090996736,0.010780672,0.019693568,main,ok,5.372358717955649,complete,,0.4741422380320728,0.0034566661342978477,0.00897946022450924,0.010335179977118969
flash_pytorch,4096,128,float32,1024,1024,2.9757280349731445,6.305535793304443,10.119039535522461,0.095993856,0.114868224,0.020496384,0.039370752,main,ok,5.272227048873901,complete,,0.3282729401253164,0.00404230784624815,0.008258761838078499,0.010978625155985355
flash_pytorch,4096,16,bfloat16,1024,1024,2.201888084411621,6.131968021392822,8.790656089782715,0.077266944,0.082968576,0.009633792,0.015335424,main,ok,4.871844798792154,complete,,0.33980791084468365,0.0030860910192131996,0.008972172159701586,0.010388211347162724
flash_pytorch,4096,16,float32,1024,1024,2.2522079944610596,4.716016054153442,7.081471920013428,0.086360064,0.098811904,0.018202624,0.030654464,main,ok,5.221934486646205,complete,,0.27739419788122177,0.003138628788292408,0.007980102207511663,0.009772070683538914
flash_pytorch,4096,32,bfloat16,1024,1024,2.138767957687378,4.527103900909424,7.21399998664856,0.077955072,0.084115456,0.009797632,0.015958016,main,ok,5.322318798862398,complete,,0.3293859399855137,0.0029563098214566708,0.006873729173094034,0.007860173005610704
flash_pytorch,4096,32,float32,1024,1024,2.9303998947143555,6.29695987701416,9.977952003479004,0.08773632,0.101105664,0.018530304,0.031899648,main,ok,5.222039152868092,complete,,0.3253604560159147,0.004044657107442617,0.008845604956150055,0.010989127680659294
flash_pytorch,4096,64,bfloat16,1024,1024,2.9181759357452393,6.127536058425903,10.472352027893066,0.079331328,0.086409216,0.010125312,0.0172032,main,ok,5.372067859862,complete,,0.41782994708046317,0.003951217979192734,0.009073405992239714,0.011497399769723415
flash_pytorch,4096,64,float32,1024,1024,2.9680320024490356,6.3400959968566895,10.220064163208008,0.090488832,0.105693184,0.019185664,0.034390016,main,ok,5.222058853134513,complete,,0.3311259332112968,0.004116592928767204,0.009141828864812851,0.01115161832422018
flash_pytorch,512,128,bfloat16,512,512,0.2587519884109497,0.470768004655838,0.8634560108184814,0.069742592,0.072230912,0.00210944,0.00459776,main,ok,5.172181942965835,complete,,0.003073127008974552,0.000776197761297226,0.0024789427407085896,0.001358912792056799
flash_pytorch,512,128,float32,512,512,0.2733440101146698,0.4914879947900772,0.890608012676239,0.072105984,0.077344768,0.003948544,0.009187328,main,ok,5.0222178171388805,complete,,0.0030064936727285385,0.0008540800772607327,0.0025659576058387756,0.0013108430430293083
flash_pytorch,512,16,bfloat16,512,512,0.18268800526857376,0.46937599778175354,0.7669599950313568,0.069054464,0.070969344,0.001880064,0.003794944,main,ok,5.372102472931147,complete,,0.0025835661217570305,0.0006247628480195999,0.0021690349094569683,0.0012729121372103691
flash_pytorch,512,16,float32,512,512,0.2933120131492615,0.5162879824638367,0.7969920039176941,0.070729728,0.074821632,0.003489792,0.007581696,main,ok,5.522641121875495,complete,,0.0024124770425260067,0.0007511437870562077,0.0033096130937337875,0.0014329031109809875
flash_pytorch,512,32,bfloat16,512,512,0.1855040043592453,0.4758079946041107,0.7745280265808105,0.069152768,0.071149568,0.001912832,0.003909632,main,ok,5.422408077865839,complete,,0.0025716712698340416,0.000606962013989687,0.0024422123096883297,0.0011016777716577053
flash_pytorch,512,32,float32,512,512,0.19441600143909454,0.4922559857368469,0.8053439855575562,0.070926336,0.07518208,0.003555328,0.007811072,main,ok,4.721514916047454,complete,,0.002408128697425127,0.0007022111676633358,0.0033446308225393295,0.0014381050132215023
flash_pytorch,512,64,bfloat16,512,512,0.18662400543689728,0.4880000054836273,0.7890560030937195,0.069349376,0.071510016,0.001978368,0.004139008,main,ok,5.172480489127338,complete,,0.002660173922777176,0.0006213351152837276,0.003014551941305399,0.0015623080544173717
flash_pytorch,512,64,float32,512,512,0.30559998750686646,0.48716801404953003,0.7835520207881927,0.071319552,0.075902976,0.0036864,0.008269824,main,ok,4.871730838902295,complete,,0.002920342143625021,0.0008725668303668499,0.00269121490418911,0.0013911477290093899
flash_pytorch,65536,16,bfloat16,1024,1024,628.0767211914062,1215.2413330078125,1747.810546875,0.087220224,0.098942976,0.011722752,0.023445504,main,ok,41.33170735929161,complete,,0.41909581795334816,0.6858646557666361,1.6169606908224523,1.6962335710413754
flash_pytorch,8192,128,bfloat16,1024,1024,10.597503662109375,23.591792106628418,37.799232482910156,0.087334912,0.099401728,0.01183744,0.023904256,main,ok,5.822864445857704,complete,,0.43232424929738045,0.01159440167248249,0.025969212874770164,0.03791245399042964
flash_pytorch,8192,128,float32,1024,1024,8.278240203857422,24.217904090881348,37.17764854431152,0.106496,0.131678208,0.02260992,0.047792128,main,ok,5.372361960355192,complete,,0.2674533440731466,0.009485294111073017,0.02669657487422228,0.03632751479744911
flash_pytorch,8192,16,bfloat16,1024,1024,8.001727819442749,17.725696563720703,31.538816452026367,0.077930496,0.084033536,0.009773056,0.015876096,main,ok,5.57267671264708,complete,,0.40782874915748835,0.011540177278220654,0.021816688124090433,0.028361471835523844
flash_pytorch,8192,16,float32,1024,1024,10.793600082397461,23.806143760681152,38.38467216491699,0.087687168,0.100941824,0.018481152,0.031735808,main,ok,6.274414258077741,complete,,0.32559301098808646,0.01202245568856597,0.025862365029752254,0.03756746789440513
flash_pytorch,8192,32,bfloat16,1024,1024,10.64031982421875,23.58233642578125,37.37958526611328,0.079273984,0.086228992,0.010067968,0.017022976,main,ok,6.5251411949284375,complete,,0.40170484501868486,0.011974317021667957,0.022270134184509516,0.036832571029663086
flash_pytorch,8192,32,float32,1024,1024,11.05739164352417,24.168960571289062,40.250112533569336,0.090374144,0.105332736,0.019070976,0.034029568,main,ok,6.275840879883617,complete,,0.3285489291884005,0.01207455387338996,0.027404494117945433,0.03815919300541282
flash_pytorch,8192,64,bfloat16,1024,1024,8.1255521774292,23.58360004425049,35.849374771118164,0.08196096,0.090619904,0.010657792,0.019316736,main,ok,5.8736597369425,complete,,0.3549639410339296,0.009938993025571108,0.027477487921714783,0.03496029181405902
flash_pytorch,8192,64,float32,1024,1024,11.030176162719727,18.199968338012695,35.544063568115234,0.095748096,0.11411456,0.020250624,0.038617088,main,ok,5.773438827134669,complete,,0.33460142463445663,0.012257920112460852,0.021960276179015636,0.03408811707049608
flash_triton,1024,128,bfloat16,32,32,0.04508800059556961,0.10284800082445145,0.18806399405002594,0.06842368,0.069996544,0.00026624,0.001839104,main,ok,5.1721883257851005,complete,,0.001609377097338438,0.00016592303290963173,0.0016292301006615162,0.00039022602140903473
flash_triton,1024,128,float32,16,16,0.19892799854278564,0.8251519799232483,1.0209760069847107,0.0697344,0.07131136,0.000528384,0.002105344,main,ok,5.4721758319064975,complete,,0.0030365767888724804,0.0005595399998128414,0.00180855393409729,0.0014238855801522732
flash_triton,1024,16,bfloat16,64,32,0.02956799976527691,0.15087999403476715,0.18934400379657745,0.0672768,0.067473408,3.6864e-05,0.000233472,main,ok,5.272128758952022,complete,,0.002071550115942955,0.00018657417967915535,0.0010979180224239826,0.0004216218367218971
flash_triton,1024,16,float32,64,64,0.04864000156521797,0.16303999722003937,0.24556800723075867,0.06744064,0.067641344,6.9632e-05,0.000270336,main,ok,5.322031531017274,complete,,0.001937831286340952,0.0002032802440226078,0.001033008098602295,0.0005702967755496502
flash_triton,1024,32,bfloat16,64,64,0.02534399926662445,0.14364799857139587,0.2502720057964325,0.06744064,0.067833856,6.9632e-05,0.000462848,main,ok,5.472740733996034,complete,,0.001984239090234041,0.00018421094864606857,0.0008431179448962212,0.00045627402141690254
flash_triton,1024,32,float32,16,16,0.06700800359249115,0.21276800334453583,0.2763200104236603,0.06776832,0.068165632,0.000135168,0.00053248,main,ok,5.372663476038724,complete,,0.0025987252593040466,0.00022601988166570663,0.0011580241844058037,0.0008355379104614258
flash_triton,1024,64,bfloat16,64,32,0.022624000906944275,0.14006400108337402,0.2237119972705841,0.06776832,0.068554752,0.000135168,0.0009216,main,ok,5.171920340973884,complete,,0.001741976011544466,0.00014865398406982422,0.0011378773488104343,0.00043024495244026184
flash_triton,1024,64,float32,16,16,0.10979200154542923,0.3686079978942871,0.4748480021953583,0.06842368,0.069214208,0.00026624,0.001056768,main,ok,5.121839465107769,complete,,0.0025233319029212,0.0002302108332514763,0.0028610299341380596,0.0009122341871261597
flash_triton,128,128,bfloat16,32,32,0.025919999927282333,0.14950400590896606,0.2550080120563507,0.067273216,0.067469824,3.328e-05,0.000229888,main,ok,10.529764665756375,complete,,0.0024190042167901993,0.00019457098096609116,0.0009222277440130711,0.00046057719737291336
flash_triton,128,128,float32,16,16,0.030368000268936157,0.11657600104808807,0.2104959934949875,0.067437056,0.067634176,6.6048e-05,0.000263168,main,ok,49.839247066061944,complete,,0.0027673090808093548,0.0001950673758983612,0.0008524809964001179,0.00045590102672576904
flash_triton,128,16,bfloat16,32,32,0.026367999613285065,0.19948800653219223,0.3000960052013397,0.067129856,0.067154432,4.608e-06,2.9184e-05,main,ok,8.37680628709495,complete,,0.0029633138328790665,0.00020100688561797142,0.0013189450837671757,0.000561877153813839
flash_triton,128,16,float32,32,32,0.010304000228643417,0.14127999544143677,0.28305599093437195,0.067150336,0.067175424,8.704e-06,3.3792e-05,main,ok,11.080545727163553,complete,,0.00252217473462224,0.0001670653000473976,0.0018189181573688984,0.0004890603013336658
flash_triton,128,32,bfloat16,32,32,0.030719999223947525,0.15891199558973312,0.2656959891319275,0.067150336,0.067199488,8.704e-06,5.7856e-05,main,ok,8.826617266982794,complete,,0.002596984151750803,0.00020465906709432602,0.0014832159504294395,0.0004745451733469963
flash_triton,128,32,float32,16,16,0.03145600110292435,0.18166400492191315,0.25228801369667053,0.067191296,0.06724096,1.6896e-05,6.656e-05,main,ok,14.535222367849201,complete,,0.002926164772361517,0.00021771201863884926,0.0010702796280384064,0.0005019251257181168
flash_triton,128,64,bfloat16,64,32,0.026176000013947487,0.14763200283050537,0.25011201202869415,0.067191296,0.0672896,1.6896e-05,0.0001152,main,ok,5.271921378094703,complete,,0.0021092048846185207,0.00018310220912098885,0.001068880781531334,0.00048611918464303017
flash_triton,128,64,float32,64,32,0.06415999680757523,0.1281599998474121,0.21148799359798431,0.067273216,0.067372032,3.328e-05,0.000132096,main,ok,5.3223092798143625,complete,,0.002279815264046192,0.00018265889957547188,0.001184654887765646,0.00042475899681448936
flash_triton,16384,128,bfloat16,32,32,1.6944639682769775,2.636415958404541,4.3297438621521,0.08814592,0.113311744,0.00425984,0.029425664,main,ok,6.576395600102842,complete,,0.6526550822891295,0.0020961128175258636,0.0035739699378609657,0.004570434335619211
flash_triton,16384,128,float32,16,16,23.32371234893799,91.42729949951172,114.72937774658203,0.10911744,0.1343488,0.008454144,0.033685504,main,ok,7.727933377027512,complete,,0.5235000345855951,0.023682824801653624,0.09242908330634236,0.11514914594590664
flash_triton,16384,16,bfloat16,64,32,0.268095999956131,0.5906559824943542,0.8520480096340179,0.06979584,0.072941568,0.000589824,0.003735552,main,ok,5.924477186985314,complete,,0.6054008956998587,0.000661871861666441,0.002356549259275198,0.0013194461353123188
flash_triton,16384,16,float32,16,16,2.5287840366363525,8.531935691833496,11.082015991210938,0.07241728,0.075628544,0.001114112,0.004325376,main,ok,6.0735975028947,complete,,0.6120562739670277,0.002933172043412924,0.009892444591969252,0.011296541895717382
flash_triton,16384,32,bfloat16,64,32,0.2675839960575104,0.8385599851608276,1.1040639877319336,0.07241728,0.078708736,0.001114112,0.007405568,main,ok,5.523189978208393,complete,,0.5507265422493219,0.001095089130103588,0.0021740999072790146,0.001570653636008501
flash_triton,16384,32,float32,16,16,6.320831775665283,22.71996784210205,29.037696838378906,0.07766016,0.084017152,0.002162688,0.00851968,main,ok,5.873173316009343,complete,,0.5134630249813199,0.006642400287091732,0.023171708919107914,0.029213592875748873
flash_triton,16384,64,bfloat16,32,32,0.7405440211296082,1.5114880204200745,2.249376058578491,0.07766016,0.090243072,0.002162688,0.0147456,main,ok,6.174093919806182,complete,,0.6387611809186637,0.0011424142867326736,0.0025125378742814064,0.0024747527204453945
flash_triton,16384,64,float32,16,16,11.579440116882324,42.98825645446777,54.568992614746094,0.08814592,0.100794368,0.00425984,0.016908288,main,ok,7.024846683721989,complete,,0.6277596009895205,0.012074851896613836,0.043574901297688484,0.054917186964303255
flash_triton,2048,128,bfloat16,32,32,0.0843840017914772,0.14876800030469894,0.2542079985141754,0.069738496,0.072884224,0.00053248,0.003678208,main,ok,5.322986199054867,complete,,0.002068457193672657,0.00044290581718087196,0.0016162930987775326,0.0004668598994612694
flash_triton,2048,128,float32,16,16,0.3917120099067688,1.638592004776001,2.0266239643096924,0.072359936,0.075513856,0.001056768,0.004210688,main,ok,6.073059749323875,complete,,0.0028659668751060963,0.0006680232472717762,0.0030844048596918583,0.002167979720979929
flash_triton,2048,16,bfloat16,64,32,0.03046399913728237,0.09811200201511383,0.17903999984264374,0.067444736,0.067837952,7.3728e-05,0.000466944,main,ok,5.4730709148570895,complete,,0.0016844207420945168,0.0001465296372771263,0.000843556597828865,0.00036035478115081787
flash_triton,2048,16,float32,16,16,0.06700800359249115,0.1855040043592453,0.2470400035381317,0.067772416,0.068173824,0.000139264,0.000540672,main,ok,5.222036340739578,complete,,0.0020855097100138664,0.00018725311383605003,0.0006933999247848988,0.0005936957895755768
flash_triton,2048,32,bfloat16,64,32,0.032287999987602234,0.14750400185585022,0.25593599677085876,0.067772416,0.068558848,0.000139264,0.000925696,main,ok,5.422487203031778,complete,,0.0019964678213000298,0.00019281217828392982,0.0009470530785620213,0.00048148492351174355
flash_triton,2048,32,float32,16,16,0.12867200374603271,0.41100800037384033,0.5359039902687073,0.068427776,0.0692224,0.000270336,0.00106496,main,ok,5.422152469865978,complete,,0.0026355660520493984,0.0002511492930352688,0.001504205632954836,0.0009045219048857689
flash_triton,2048,64,bfloat16,32,32,0.05507199838757515,0.1425279974937439,0.22548799961805344,0.068427776,0.07000064,0.000270336,0.0018432,main,ok,5.022163114044815,complete,,0.0018631061539053917,0.0001734299585223198,0.0017620669677853584,0.00044795917347073555
flash_triton,2048,64,float32,16,16,0.21420800685882568,0.7239360213279724,0.9343680143356323,0.069738496,0.071319552,0.00053248,0.002113536,main,ok,5.723946433980018,complete,,0.003274025861173868,0.0005705771036446095,0.0017331931740045547,0.0012881271541118622
flash_triton,256,128,bfloat16,16,16,0.01568000018596649,0.21009600162506104,0.3476479947566986,0.067437568,0.067830784,6.656e-05,0.000459776,main,ok,5.522667320910841,complete,,0.0020066299475729465,0.0001584603451192379,0.0009951102547347546,0.0006684958934783936
flash_triton,256,128,float32,16,16,0.05411199852824211,0.2173759937286377,0.2687680125236511,0.067765248,0.068159488,0.000132096,0.000526336,main,ok,5.673199221957475,complete,,0.0029512587934732437,0.00017948169261217117,0.0012971037067472935,0.000889260321855545
flash_triton,256,16,bfloat16,64,32,0.008415999822318554,0.13523199409246445,0.216048002243042,0.067150848,0.0672,9.216e-06,5.8368e-05,main,ok,5.272639200091362,complete,,0.0016818339936435223,0.0001406990922987461,0.0009189150296151638,0.00040376000106334686
flash_triton,256,16,float32,64,32,0.03209599852561951,0.138047993183136,0.24609600007534027,0.067191808,0.067241984,1.7408e-05,6.7584e-05,main,ok,5.472613058052957,complete,,0.0019741328433156013,0.0001882370561361313,0.0008614580146968365,0.0004538879729807377
flash_triton,256,32,bfloat16,32,32,0.009696000255644321,0.1353919953107834,0.21532799303531647,0.067191808,0.067290112,1.7408e-05,0.000115712,main,ok,4.972061507869512,complete,,0.002087139058858156,0.0001532561145722866,0.0008258200250566006,0.00040547503158450127
flash_triton,256,32,float32,32,32,0.021247999742627144,0.16076800227165222,0.28220801055431366,0.067273728,0.067373056,3.3792e-05,0.00013312,main,ok,5.47290891315788,complete,,0.002508554607629776,0.00017658714205026627,0.0013194666244089603,0.0006482871249318123
flash_triton,256,64,bfloat16,64,32,0.010239999741315842,0.13860800117254257,0.2210880070924759,0.067273728,0.067470336,3.3792e-05,0.0002304,main,ok,5.322542562149465,complete,,0.0021325750276446342,0.00015948666259646416,0.0009188558906316757,0.0004071621224284172
flash_triton,256,64,float32,16,16,0.0315839983522892,0.13574400544166565,0.23632000386714935,0.067437568,0.0676352,6.656e-05,0.000264192,main,ok,5.373505267780274,complete,,0.002298310399055481,0.0001947241835296154,0.001005284022539854,0.00038419198244810104
flash_triton,32768,128,bfloat16,32,32,5.031583786010742,10.209247589111328,15.2292160987854,0.109182976,0.159514624,0.00851968,0.058851328,main,ok,6.273807385005057,complete,,0.6216054097749293,0.005522286985069513,0.01118059316650033,0.015457885805517435
flash_triton,32768,128,float32,16,16,91.58169555664062,364.8485107421875,456.4881591796875,0.151126016,0.201588736,0.016908288,0.067371008,main,ok,14.538444737903774,complete,,0.6252909768372774,0.0922199310734868,0.3661112762056291,0.4568560249172151
flash_triton,32768,16,bfloat16,64,32,0.9426079988479614,2.194943904876709,3.1372480392456055,0.072482816,0.078774272,0.001179648,0.007471104,main,ok,5.923223138321191,complete,,0.6359821287915111,0.0013045640662312508,0.003571907989680767,0.003341224044561386
flash_triton,32768,16,float32,16,16,9.930208206176758,33.8994255065918,43.81839942932129,0.077725696,0.084148224,0.002228224,0.008650752,main,ok,6.474133431445807,complete,,0.6208394002169371,0.010313706006854773,0.034804413095116615,0.04405887611210346
flash_triton,32768,32,bfloat16,64,32,0.9991360008716583,2.947856068611145,3.947824001312256,0.077725696,0.090308608,0.002228224,0.014811136,main,ok,5.7230827691964805,complete,,0.628166951239109,0.0013724216260015965,0.003919848706573248,0.00413110014051199
flash_triton,32768,32,float32,16,16,25.12544059753418,90.63139343261719,115.77254486083984,0.088211456,0.10092544,0.004325376,0.01703936,main,ok,7.277249862905592,complete,,0.6294786301441491,0.025509538128972054,0.0915224477648735,0.11596571421250701
flash_triton,32768,64,bfloat16,32,32,2.9108479022979736,5.8809919357299805,8.77558422088623,0.088211456,0.11337728,0.004325376,0.0294912,main,ok,6.02890090784058,complete,,0.6465941811911762,0.0033742710947990417,0.006838876288384199,0.009020564146339893
flash_triton,32768,64,float32,16,16,45.96667289733887,171.65577697753906,217.59011840820312,0.109182976,0.134479872,0.00851968,0.033816576,main,ok,10.33000018214807,complete,,0.6375253568403423,0.04653281206265092,0.17266742698848248,0.21863244473934174
flash_triton,4096,128,bfloat16,32,32,0.159743994474411,0.24537600576877594,0.40372800827026367,0.072368128,0.078659584,0.00106496,0.007356416,main,ok,5.272111818660051,complete,,0.5311636324040592,0.0004896363243460655,0.001776998396962881,0.0008835876360535622
flash_triton,4096,128,float32,16,16,1.4658719897270203,5.791056156158447,7.2527360916137695,0.077611008,0.083918848,0.002113536,0.008421376,main,ok,5.071462067309767,complete,,0.4971926277503371,0.0017839809879660606,0.00662622693926096,0.007420796900987625
flash_triton,4096,16,bfloat16,64,32,0.0562559999525547,0.14105600118637085,0.21900799870491028,0.067780608,0.06856704,0.000147456,0.000933888,main,ok,5.322332025039941,complete,,0.5118316318839788,0.0002302289940416813,0.0018651657737791538,0.0004248581826686859
flash_triton,4096,16,float32,16,16,0.18371200561523438,0.5582079887390137,0.7391359806060791,0.068435968,0.069238784,0.000278528,0.001081344,main,ok,5.422305233310908,complete,,0.6277280007489026,0.00039300695061683655,0.0018672370351850986,0.001134833786636591
flash_triton,4096,32,bfloat16,64,32,0.05859199911355972,0.1523040011525154,0.22723199427127838,0.068435968,0.070008832,0.000278528,0.001851392,main,ok,5.322426032740623,complete,,0.5161344241350889,0.0002153199166059494,0.0017485837452113628,0.00041351374238729477
flash_triton,4096,32,float32,16,16,0.41094401478767395,1.439296007156372,1.8502880334854126,0.069746688,0.071335936,0.000540672,0.00212992,main,ok,5.0719810631126165,complete,,0.5142117477953434,0.0007255286909639835,0.0027479068376123905,0.0024378891102969646
flash_triton,4096,64,bfloat16,32,32,0.10416000336408615,0.17452800273895264,0.2677760124206543,0.069746688,0.072892416,0.000540672,0.0036864,main,ok,5.322832454927266,complete,,0.5492426352575421,0.00042425282299518585,0.0042516738176345825,0.0007224390283226967
flash_triton,4096,64,float32,16,16,0.7575039863586426,2.722304105758667,3.4759678840637207,0.072368128,0.07553024,0.00106496,0.004227072,main,ok,5.372239825781435,complete,,0.6288837851025164,0.0011466317810118198,0.003940647002309561,0.0037225307896733284
flash_triton,512,128,bfloat16,64,32,0.02143999934196472,0.14796799421310425,0.22310400009155273,0.067766272,0.068552704,0.00013312,0.000919552,main,ok,5.472805481869727,complete,,0.0017595719546079636,0.00015543494373559952,0.0008919397369027138,0.00048593711107969284
flash_triton,512,128,float32,16,16,0.1021760031580925,0.419871985912323,0.5199679732322693,0.068421632,0.069210112,0.000264192,0.001052672,main,ok,5.472449036780745,complete,,0.0021239998750388622,0.00022385315969586372,0.0017494498752057552,0.000944164115935564
flash_triton,512,16,bfloat16,64,32,0.027648000046610832,0.1494080051779747,0.2595840096473694,0.067192832,0.067291136,1.8432e-05,0.000116736,main,ok,5.472630281001329,complete,,0.0020665479823946953,0.00019084615632891655,0.0009556496515870094,0.0005354471504688263
flash_triton,512,16,float32,64,32,0.0360959991812706,0.1363839954137802,0.2436159998178482,0.067274752,0.067375104,3.4816e-05,0.000135168,main,ok,5.5227512158453465,complete,,0.002134882379323244,0.00019077491015195847,0.0009503173641860485,0.0004703802987933159
flash_triton,512,32,bfloat16,64,32,0.012256000190973282,0.14131200313568115,0.22460800409317017,0.067274752,0.06747136,3.4816e-05,0.000231424,main,ok,5.2226015706546605,complete,,0.002082271035760641,0.00018408382311463356,0.0008837799541652203,0.00041913706809282303
flash_triton,512,32,float32,32,32,0.03686400130391121,0.11635199934244156,0.1759680062532425,0.067438592,0.067637248,6.7584e-05,0.00026624,main,ok,5.022296501789242,complete,,0.0019837450236082077,0.0001595672219991684,0.0008977819234132767,0.00041671423241496086
flash_triton,512,64,bfloat16,64,64,0.027807999402284622,0.14632000029087067,0.21484799683094025,0.067438592,0.067831808,6.7584e-05,0.0004608,main,ok,5.223225281108171,complete,,0.002032351680099964,0.00018828688189387321,0.0009092707186937332,0.00046566175296902657
flash_triton,512,64,float32,16,16,0.05782400071620941,0.1918720006942749,0.2471040040254593,0.067766272,0.068161536,0.00013312,0.000528384,main,ok,5.122194297611713,complete,,0.002312926109880209,0.00017993804067373276,0.0009838291443884373,0.000787355937063694
flash_triton,8192,128,bfloat16,32,32,0.36191999912261963,0.7107200026512146,1.0696320533752441,0.077627392,0.090210304,0.00212992,0.014712832,main,ok,5.672721186187118,complete,,0.6252081482671201,0.0007742671296000481,0.0017841910012066364,0.0013615358620882034
flash_triton,8192,128,float32,16,16,5.837248086929321,22.90880012512207,28.733919143676758,0.088113152,0.100728832,0.004227072,0.016842752,main,ok,6.223885367624462,complete,,0.6332693002186716,0.006244440097361803,0.023854416329413652,0.028907906264066696
flash_triton,8192,16,bfloat16,64,32,0.10735999792814255,0.2340639978647232,0.3213759958744049,0.068452352,0.070025216,0.000294912,0.001867776,main,ok,5.823382336180657,complete,,0.5651113451458514,0.0002735741436481476,0.001939231064170599,0.001170170959085226
flash_triton,8192,16,float32,16,16,0.6365119814872742,2.14900803565979,2.7826719284057617,0.069763072,0.071368704,0.000557056,0.002162688,main,ok,6.274601530749351,complete,,0.6310571990907192,0.001038684044033289,0.00358655396848917,0.0030012931674718857
flash_triton,8192,32,bfloat16,64,32,0.11244799941778183,0.27750399708747864,0.37561601400375366,0.069763072,0.0729088,0.000557056,0.003702784,main,ok,5.92347707413137,complete,,0.6222924282774329,0.00048247212544083595,0.001760551705956459,0.0009572887793183327
flash_triton,8192,32,float32,16,16,1.5806080102920532,5.694431781768799,7.271103858947754,0.072384512,0.075563008,0.001081344,0.00425984,main,ok,5.673027036245912,complete,,0.6328979078680277,0.002024322748184204,0.007022372912615538,0.0075508300215005875
flash_triton,8192,64,bfloat16,32,32,0.25043201446533203,0.45286399126052856,0.6987839937210083,0.072384512,0.078675968,0.001081344,0.0073728,main,ok,5.82301351102069,complete,,0.6339519750326872,0.0006412523798644543,0.001927034929394722,0.0009088809601962566
flash_triton,8192,64,float32,16,16,2.8939199447631836,10.797311782836914,13.66147232055664,0.077627392,0.083951616,0.00212992,0.008454144,main,ok,5.572370794136077,complete,,0.5094935088418424,0.003218629863113165,0.011522308923304081,0.013836971949785948
naive,1024,128,bfloat16,,,0.03243200108408928,0.1671680063009262,0.2876960039138794,0.072353792,0.074715136,0.004196352,0.006557696,main,ok,5.9228559653274715,complete,,0.7668777299113572,0.2936955466866493,0.26313394075259566,0.000557479914277792
naive,1024,128,float32,,,0.040383998304605484,0.12638399749994278,0.25060799717903137,0.07759872,0.082321408,0.008392704,0.013115392,main,ok,6.12299036514014,complete,,0.6997522762976587,0.273174368776381,0.19723461894318461,0.0005044844001531601
naive,1024,16,bfloat16,,,0.031936001032590866,0.16860799491405487,0.37935999035835266,0.071436288,0.073568256,0.004196352,0.00632832,main,ok,5.822656605858356,complete,,0.6921490700915456,0.28273532819002867,0.26504314225167036,0.0005606776103377342
naive,1024,16,float32,,,0.0700639970600605,0.1902879998087883,0.3542400002479553,0.075763712,0.080027648,0.008392704,0.01265664,main,ok,5.822835439816117,complete,,0.7564653470180929,0.32466920698061585,0.24894097773358226,0.0006461902521550655
naive,1024,32,bfloat16,,,0.035551998764276505,0.1714239940047264,0.29475200176239014,0.07156736,0.073732096,0.004196352,0.006361088,main,ok,5.572306624148041,complete,,0.6978821279481053,0.2662058500573039,0.2585710799321532,0.0005428800359368324
naive,1024,32,float32,,,0.039103999733924866,0.18103999644517899,0.30883198976516724,0.076025856,0.080355328,0.008392704,0.012722176,main,ok,5.973141695838422,complete,,0.753771523013711,0.339729533996433,0.24974020710214972,0.0005493718199431896
naive,1024,64,bfloat16,,,0.062463998794555664,0.17745599895715714,0.3344320058822632,0.071829504,0.074059776,0.004196352,0.006426624,main,ok,6.22350079100579,complete,,0.8959304071031511,0.35861841309815645,0.26173862954601645,0.0006422488950192928
naive,1024,64,float32,,,0.03551999852061272,0.17500800639390945,0.3033600002527237,0.076550144,0.081010688,0.008392704,0.012853248,main,ok,5.472289683762938,complete,,0.6241760142147541,0.2652049930766225,0.2472379864193499,0.0005703610368072987
naive,128,128,bfloat16,,,0.05161599814891815,0.14209599792957306,0.24540799856185913,0.067305984,0.067404288,6.6048e-05,0.000164352,main,ok,7.526237059850246,complete,,2.6577519150450826,0.00040692370384931564,0.0012564565986394882,0.00048032402992248535
naive,128,128,float32,,,0.056223999708890915,0.1526080071926117,0.29440000653266907,0.067502592,0.0676992,0.000131584,0.000328192,main,ok,7.32494521420449,complete,,2.5674623986706138,0.0004120790399610996,0.0011978172697126865,0.0005432283505797386
naive,128,16,bfloat16,,,0.05375999957323074,0.15256000310182571,0.2616319954395294,0.067191296,0.067228672,6.6048e-05,0.000103424,main,ok,7.7755557568743825,complete,,2.6384462458081543,0.0003840150311589241,0.0012804009020328522,0.0004693642258644104
naive,128,16,float32,,,0.05806399881839752,0.177824005484581,0.3198559880256653,0.067273216,0.067347456,0.000131584,0.000205824,main,ok,7.375665626954287,complete,,2.474299044813961,0.0004344959743320942,0.001643845345824957,0.0006082220934331417
naive,128,32,bfloat16,,,0.0594559982419014,0.17334400117397308,0.3189759999513626,0.06720768,0.067249152,6.6048e-05,0.00010752,main,ok,7.576203926932067,complete,,2.491538137663156,0.000514746643602848,0.0014132182113826275,0.0005604289472103119
naive,128,32,float32,,,0.054816000163555145,0.16767999529838562,0.30508801341056824,0.067305984,0.067388416,0.000131584,0.000214016,main,ok,7.775602568872273,complete,,2.7321036527864635,0.00044796383008360863,0.0014676121063530445,0.0005679340101778507
naive,128,64,bfloat16,,,0.023903999477624893,0.17894400656223297,0.317440003156662,0.067240448,0.067290112,6.6048e-05,0.000115712,main,ok,5.722729323897511,complete,,0.7222475046291947,0.00040753185749053955,0.0013785460032522678,0.0006888299249112606
naive,128,64,float32,,,0.05516799911856651,0.2008959949016571,0.47894400358200073,0.06737152,0.067470336,0.000131584,0.0002304,main,ok,5.422351786866784,complete,,0.7795587023720145,0.0005113868974149227,0.0015677576884627342,0.0006894683465361595
naive,16384,128,bfloat16,,,1.1534879803657532,2.436160087585449,3.589600086212158,1.157660672,1.698758656,1.073774592,1.614872576,main,ok,7.125913671217859,complete,,0.853649047203362,0.3993770587258041,0.26834737695753574,0.003916181158274412
naive,16384,128,float32,,,4.246367931365967,9.324575901031494,13.558879852294922,2.24821248,3.330408448,2.147549184,3.229745152,main,ok,6.977052126079798,complete,,0.6524225380271673,0.29362261667847633,0.2598895919509232,0.013871043920516968
naive,16384,16,bfloat16,,,1.1298400163650513,2.3544960021972656,3.4839839935302734,1.142980608,1.680408576,1.073774592,1.61120256,main,ok,5.773029439151287,complete,,0.7083395440131426,0.2750367526896298,0.2735803029499948,0.003740809392184019
naive,16384,16,float32,,,2.047168016433716,3.933056116104126,5.979871988296509,2.218852352,3.293708288,2.147549184,3.22240512,main,ok,6.125079099088907,complete,,0.6399233476258814,0.28304638992995024,0.2597460001707077,0.006224398035556078
naive,16384,32,bfloat16,,,1.1313600540161133,2.3654720783233643,3.4939520359039307,1.14507776,1.683030016,1.073774592,1.611726848,main,ok,6.173147066961974,complete,,0.6908174990676343,0.26406249636784196,0.26213580602779984,0.003699718974530697
naive,16384,32,float32,,,2.204927921295166,4.262144088745117,6.473408222198486,2.223046656,3.298951168,2.147549184,3.223453696,main,ok,6.4243652620352805,complete,,0.7939068228006363,0.35830342629924417,0.2576062260195613,0.006769968196749687
naive,16384,64,bfloat16,,,1.1340160369873047,2.378224015235901,3.5099198818206787,1.149272064,1.688272896,1.073774592,1.612775424,main,ok,5.923583433963358,complete,,0.7224471620284021,0.2718849522061646,0.26311672991141677,0.003882348071783781
naive,16384,64,float32,,,2.8610239028930664,5.9622721672058105,8.82265567779541,2.231435264,3.309436928,2.147549184,3.225550848,main,ok,6.926286538597196,complete,,0.7743547931313515,0.3749745818786323,0.2684582732617855,0.009157530963420868
naive,2048,128,bfloat16,,,0.03513599932193756,0.17112000286579132,0.29551999270915985,0.085987328,0.09490432,0.016781312,0.025698304,main,ok,6.072908824775368,complete,,0.8385857162065804,0.3517685253173113,0.26299381954595447,0.0005444260314106941
naive,2048,128,float32,,,0.0870559997856617,0.20451200008392334,0.3092480003833771,0.104865792,0.122699776,0.033562624,0.051396608,main,ok,5.922899534925818,complete,,0.7325190836563706,0.34485949110239744,0.19034649105742574,0.0010862797498703003
naive,2048,16,bfloat16,,,0.06335999816656113,0.18086400628089905,0.3365919888019562,0.08415232,0.09261056,0.016781312,0.025239552,main,ok,6.123531566001475,complete,,0.8514176676981151,0.35524121206253767,0.2595458887517452,0.00061436602845788
naive,2048,16,float32,,,0.05193600058555603,0.13619199395179749,0.26419200003147125,0.101195776,0.118112256,0.033562624,0.050479104,main,ok,5.3719546920619905,complete,,0.6053434233181179,0.2673588818870485,0.188619882799685,0.000504080206155777
naive,2048,32,bfloat16,,,0.0692799985408783,0.185248002409935,0.38700801134109497,0.084414464,0.09293824,0.016781312,0.025305088,main,ok,6.2735516163520515,complete,,0.821815294213593,0.35237954277545214,0.26149883307516575,0.0007234462536871433
naive,2048,32,float32,,,0.06876800209283829,0.18649600446224213,0.3004480004310608,0.101720064,0.118767616,0.033562624,0.050610176,main,ok,5.772605921141803,complete,,0.7684894758276641,0.3269830462522805,0.2512829680927098,0.000660330057144165
naive,2048,64,bfloat16,,,0.03356799855828285,0.17257600277662277,0.29440000653266907,0.084938752,0.0935936,0.016781312,0.02543616,main,ok,5.722545243334025,complete,,0.7096594078466296,0.2697360571473837,0.2634970140643418,0.0005674948915839195
naive,2048,64,float32,,,0.06806399673223495,0.18142399936914444,0.31009599566459656,0.10276864,0.120078336,0.033562624,0.05087232,main,ok,5.523711361922324,complete,,0.6474035661667585,0.2741710781119764,0.2524609388783574,0.0006197630427777767
naive,256,128,bfloat16,,,0.06576000154018402,0.17398400604724884,0.29528000950813293,0.067633664,0.067830784,0.000262656,0.000459776,main,ok,8.577912040054798,complete,,0.8546354006975889,1.4063232829794288,1.5437863660044968,0.0006155520677566528
naive,256,128,float32,,,0.037087999284267426,0.18695999681949615,0.3479039967060089,0.068158464,0.068552704,0.000525312,0.000919552,main,ok,9.128266326151788,complete,,0.7639148430898786,1.386636549141258,1.4756583608686924,0.0007026251405477524
naive,256,16,bfloat16,,,0.03232000023126602,0.1669439971446991,0.29075199365615845,0.067404288,0.067544064,0.000262656,0.000402432,main,ok,9.12763677816838,complete,,0.9181004599668086,1.3430230547674,1.5341776050627232,0.0006022811867296696
naive,256,16,float32,,,0.036031998693943024,0.14531199634075165,0.2958880066871643,0.067699712,0.067979264,0.000525312,0.000804864,main,ok,8.227396192029119,complete,,0.6136530879884958,1.1181700681336224,1.2322187880054116,0.0006903791800141335
naive,256,32,bfloat16,,,0.03251200169324875,0.17337599396705627,0.2885439991950989,0.067437056,0.067585024,0.000262656,0.000410624,main,ok,8.078617290128022,complete,,0.6970074702985585,1.1268994910642505,1.5473027490079403,0.0005622622556984425
naive,256,32,float32,,,0.0382240004837513,0.18438400328159332,0.3115839958190918,0.067765248,0.068061184,0.000525312,0.000821248,main,ok,7.726181632839143,complete,,0.6183405742049217,1.1287476508878171,1.3592379558831453,0.0006194771267473698
naive,256,64,bfloat16,,,0.034623999148607254,0.18113599717617035,0.33935999870300293,0.067502592,0.067666944,0.000262656,0.000427008,main,ok,8.72663202835247,complete,,0.8323733629658818,1.2329880348406732,1.5432918993756175,0.0007057399488985538
naive,256,64,float32,,,0.040863998234272,0.14236800372600555,0.31196799874305725,0.06789632,0.068225024,0.000525312,0.000854016,main,ok,7.676419720984995,complete,,0.6133049707859755,1.1116072800941765,1.18100231513381,0.0006979811005294323
naive,32768,128,bfloat16,,,4.418848037719727,9.527472019195557,13.94870376586914,4.395696128,6.55163392,4.295032832,6.450970624,main,ok,7.075726590584964,complete,,0.8543210001662374,0.3559386720880866,0.28178351698443294,0.014172706753015518
naive,32768,128,float32,,,17.086719512939453,37.14752006530762,54.2061767578125,8.724283392,13.036158976,8.590065664,12.901941248,main,ok,7.926355683710426,complete,,0.7767102997750044,0.4234580919146538,0.3060582219623029,0.054524742998182774
naive,32768,16,bfloat16,,,4.408143997192383,9.445295810699463,13.846048355102539,4.366336,6.51493376,4.295032832,6.443630592,main,ok,7.0247412491589785,complete,,0.8609661781229079,0.34239141130819917,0.28044787514954805,0.014085383154451847
naive,32768,16,float32,,,7.888576030731201,15.295199871063232,23.153599739074707,8.665563136,12.962758656,8.590065664,12.887261184,main,ok,6.37364181689918,complete,,0.6177079640328884,0.26754071516916156,0.20669843209907413,0.023404340259730816
naive,32768,32,bfloat16,,,4.358096122741699,9.357215881347656,13.715392112731934,4.370530304,6.52017664,4.295032832,6.444679168,main,ok,5.973387634381652,complete,,0.7061594077385962,0.2779401810839772,0.2101964340545237,0.01396674569696188
naive,32768,32,float32,,,8.549471855163574,16.605791091918945,25.14588737487793,8.673951744,12.973244416,8.590065664,12.889358336,main,ok,6.274084535893053,complete,,0.6569298370741308,0.34544792864471674,0.271618434228003,0.02539597498252988
naive,32768,64,bfloat16,,,4.36902379989624,9.389919757843018,13.74937629699707,4.378918912,6.5306624,4.295032832,6.44677632,main,ok,6.524749930948019,complete,,0.8638527458533645,0.3601052537560463,0.2705262121744454,0.013976629823446274
naive,32768,64,float32,,,11.279583930969238,23.36801528930664,34.66236686706543,8.69072896,12.994215936,8.590065664,12.89355264,main,ok,7.327443368732929,complete,,0.7979120477102697,0.3429487878456712,0.27577195782214403,0.034991527907550335
naive,4096,128,bfloat16,,,0.09257599711418152,0.1966560035943985,0.30851200222969055,0.138420224,0.173031424,0.067117056,0.101728256,main,ok,5.622373435180634,complete,,0.6877013710327446,0.2751960949972272,0.2628835220821202,0.0006356686353683472
naive,4096,128,float32,,,0.3006399869918823,0.659168004989624,0.9549919962882996,0.209731584,0.278953984,0.134234112,0.203456512,main,ok,6.1735812979750335,complete,,0.7559565361589193,0.34539824584499,0.2648644638247788,0.0013220049440860748
naive,4096,16,bfloat16,,,0.09520000219345093,0.19459199905395508,0.28617599606513977,0.134750208,0.168443904,0.067117056,0.100810752,main,ok,5.922946301754564,complete,,0.8506727740168571,0.31758921407163143,0.23488069092854857,0.0008612661622464657
naive,4096,16,float32,,,0.15907199680805206,0.31091201305389404,0.46510399878025055,0.202391552,0.269778944,0.134234112,0.201621504,main,ok,5.472433379851282,complete,,0.6204039850272238,0.2593140839599073,0.1913999430835247,0.0012727342545986176
naive,4096,32,bfloat16,,,0.09353599697351456,0.2006239965558052,0.36795200407505035,0.135274496,0.169099264,0.067117056,0.100941824,main,ok,6.273115056101233,complete,,0.8613886227831244,0.35160969477146864,0.26191252283751965,0.0006522429175674915
naive,4096,32,float32,,,0.17403200268745422,0.3418239951133728,0.5112959742546082,0.203440128,0.271089664,0.134234112,0.201883648,main,ok,6.073112555779517,complete,,0.7938845022581518,0.34023349080234766,0.19045441830530763,0.0012122951447963715
naive,4096,64,bfloat16,,,0.09052799642086029,0.18566399812698364,0.4309599995613098,0.136323072,0.170409984,0.067117056,0.101203968,main,ok,6.2233465649187565,complete,,0.8569700121879578,0.350798100233078,0.26537083368748426,0.0006668949499726295
naive,4096,64,float32,,,0.2146880030632019,0.44678398966789246,0.6563839912414551,0.20553728,0.273711104,0.134234112,0.202407936,main,ok,5.972912439145148,complete,,0.7747563347220421,0.3287167251110077,0.2491042329929769,0.0017082421109080315
naive,512,128,bfloat16,,,0.03171199932694435,0.1712000072002411,0.29308800399303436,0.068682752,0.069339136,0.0010496,0.001705984,main,ok,5.673036878928542,complete,,0.6851868107914925,0.26602951204404235,0.2587086479179561,0.0005495548248291016
naive,512,128,float32,,,0.07254400104284286,0.18969599902629852,0.3566400110721588,0.07025664,0.071569408,0.0020992,0.003411968,main,ok,5.873727273661643,complete,,0.7480513118207455,0.3326299269683659,0.25066561810672283,0.000710024032741785
naive,512,16,bfloat16,,,0.03516799956560135,0.17148800194263458,0.29788801074028015,0.068224,0.068765696,0.0010496,0.001591296,main,ok,5.672704325057566,complete,,0.7140378276817501,0.2685912768356502,0.25879630306735635,0.00055698212236166
naive,512,16,float32,,,0.0382080003619194,0.18371200561523438,0.3524640053510666,0.069339136,0.070422528,0.0020992,0.003182592,main,ok,6.323400327004492,complete,,0.6403670418076217,0.27966334810480475,0.2506142812781036,0.0006466060876846313
naive,512,32,bfloat16,,,0.06702399998903275,0.17255999892950058,0.29737600684165955,0.068289536,0.068847616,0.0010496,0.00160768,main,ok,6.123445809818804,complete,,0.8488113391213119,0.3457351201213896,0.2644706638529897,0.0005729477852582932
naive,512,32,float32,,,0.03855999931693077,0.17974400520324707,0.30988800525665283,0.069470208,0.070586368,0.0020992,0.00321536,main,ok,5.472995913121849,complete,,0.6265751980245113,0.26393462298437953,0.24788598576560616,0.0006262646056711674
naive,512,64,bfloat16,,,0.035711999982595444,0.24480000138282776,0.5324479937553406,0.068420608,0.069011456,0.0010496,0.001640448,main,ok,5.923206218983978,complete,,0.6978308218531311,0.2779265632852912,0.2604969860985875,0.0006881882436573505
naive,512,64,float32,,,0.03791999816894531,0.17903999984264374,0.3047199994325638,0.069732352,0.070914048,0.0020992,0.003280896,main,ok,5.923009382095188,complete,,0.7956166751682758,0.3189995461143553,0.2475298922508955,0.0005441890098154545
naive,65536,16,bfloat16,,,18.0532169342041,38.4171028137207,56.54383850097656,17.255497728,25.847660544,17.180000256,25.772163072,main,ok,17.04164759675041,complete,,0.7202401761896908,1.598526805639267,7.614845419768244,0.0568611160852015
naive,8192,128,bfloat16,,,0.3150880038738251,0.6457279920578003,0.9580319821834564,0.343949312,0.480280576,0.26845184,0.404783104,main,ok,5.7726517342962325,complete,,0.6868479303084314,0.268380141351372,0.20236744405701756,0.0013638478703796864
naive,8192,128,float32,,,1.0876799821853638,2.3859200477600098,3.46777606010437,0.62078976,0.893452288,0.53690368,0.809566208,main,ok,5.923342669848353,complete,,0.630293034017086,0.2861951873637736,0.2619127621874213,0.003791476134210825
naive,8192,16,bfloat16,,,0.3125919997692108,0.6303679943084717,0.9402239918708801,0.33660928,0.471105536,0.26845184,0.402948096,main,ok,5.722812857944518,complete,,0.7133978130295873,0.2694057752378285,0.2600603890605271,0.0012981947511434555
naive,8192,16,float32,,,0.5487359762191772,1.0659840106964111,1.6170080304145813,0.606109696,0.875102208,0.53690368,0.805896192,main,ok,6.12472008401528,complete,,0.617049905937165,0.2786244270391762,0.1950866342522204,0.00199092086404562
naive,8192,32,bfloat16,,,0.3112959861755371,0.6243199706077576,0.9317919909954071,0.337657856,0.472416256,0.26845184,0.40321024,main,ok,6.374866401776671,complete,,0.6960180178284645,0.26601687585934997,0.26479860907420516,0.0013600247912108898
naive,8192,32,float32,,,0.586080014705658,1.1420640349388123,1.7254400253295898,0.608206848,0.877723648,0.53690368,0.80642048,main,ok,6.324515279848129,complete,,0.7627763687632978,0.3474650150164962,0.24915139889344573,0.002011380158364773
naive,8192,64,bfloat16,,,0.31011199951171875,0.6275200247764587,0.9348480105400085,0.339755008,0.475037696,0.26845184,0.403734528,main,ok,6.424205220770091,complete,,0.7786447149701416,0.3661354570649564,0.28020259412005544,0.0014368603006005287
naive,8192,64,float32,,,0.743071973323822,1.5545599460601807,2.295888066291809,0.612401152,0.882966528,0.53690368,0.807469056,main,ok,6.074576692190021,complete,,0.7472896757535636,0.33688784996047616,0.2524482859298587,0.002586828079074621
