implementation,sequence_length,embedding_dim,dtype,q_tile,k_tile,forward_ms,backward_ms,forward_backward_ms,forward_peak_gb,forward_backward_peak_gb,forward_incremental_gb,forward_backward_incremental_gb,experiment,status,wall_seconds,stage,error
naive,128,16,bfloat16,,,0.055695999413728714,0.15996800363063812,0.30087999999523163,0.067191296,0.067228672,6.6048e-05,0.000103424,main,ok,7.294683275278658,complete,
flash_pytorch,128,16,bfloat16,128,128,0.2978239953517914,0.48870399594306946,0.9099520146846771,0.067252224,0.067386368,0.000126976,0.00026112,main,ok,4.818453642074019,complete,
flash_triton,128,16,bfloat16,64,64,0.014655999839305878,0.10870400071144104,0.1977279931306839,0.067129856,0.067154432,4.608e-06,2.9184e-05,main,ok,4.984900278039277,complete,
naive,128,16,float32,,,0.05382400006055832,0.16460800170898438,0.30265599489212036,0.067273216,0.067347456,0.000131584,0.000205824,main,ok,7.052916368003935,complete,
flash_pytorch,128,16,float32,128,128,0.1964160054922104,0.47763198614120483,0.7963200211524963,0.067375104,0.0676608,0.000233472,0.000519168,main,ok,4.094334043562412,complete,
flash_triton,128,16,float32,64,32,0.014751999638974667,0.09340800344944,0.1642560064792633,0.067150336,0.067175424,8.704e-06,3.3792e-05,main,ok,4.4165587071329355,complete,
naive,128,32,bfloat16,,,0.05910399928689003,0.21723200380802155,0.33215999603271484,0.06720768,0.067249152,6.6048e-05,0.00010752,main,ok,6.385085362009704,complete,
flash_pytorch,128,32,bfloat16,128,128,0.2059520035982132,0.4787999987602234,0.7966079711914062,0.0672768,0.067431424,0.000135168,0.000289792,main,ok,4.158483778126538,complete,
flash_triton,128,32,bfloat16,64,64,0.00684799998998642,0.10151999816298485,0.1716800034046173,0.067150336,0.067199488,8.704e-06,5.7856e-05,main,ok,4.28419239865616,complete,
naive,128,32,float32,,,0.05375999957323074,0.16438399255275726,0.3020800054073334,0.067305984,0.067388416,0.000131584,0.000214016,main,ok,6.149958542082459,complete,
flash_pytorch,128,32,float32,128,128,0.27131199836730957,0.46934399008750916,0.8635519742965698,0.067424256,0.067750912,0.000249856,0.000576512,main,ok,4.268707257695496,complete,
flash_triton,128,32,float32,32,32,0.015104000456631184,0.09097599983215332,0.17977599799633026,0.067191296,0.06724096,1.6896e-05,6.656e-05,main,ok,4.574612958822399,complete,
naive,128,64,bfloat16,,,0.05392000079154968,0.15702399611473083,0.2993279993534088,0.067240448,0.067290112,6.6048e-05,0.000115712,main,ok,6.00451318686828,complete,
flash_pytorch,128,64,bfloat16,128,128,0.2876160144805908,0.4702720046043396,0.9215999841690063,0.067342848,0.067521536,0.000168448,0.000347136,main,ok,4.626768002752215,complete,
flash_triton,128,64,bfloat16,64,64,0.014399999752640724,0.1175680011510849,0.19033600389957428,0.067191296,0.0672896,1.6896e-05,0.0001152,main,ok,4.6260263728909194,complete,
naive,128,64,float32,,,0.05827200040221214,0.16899199783802032,0.3097600042819977,0.06737152,0.067470336,0.000131584,0.0002304,main,ok,6.174143321812153,complete,
flash_pytorch,128,64,float32,128,128,0.27718400955200195,0.47089600563049316,0.8720960021018982,0.06755584,0.067931136,0.000315904,0.0006912,main,ok,4.304857289884239,complete,
flash_triton,128,64,float32,32,32,0.019071999937295914,0.09292799979448318,0.1810240000486374,0.067273216,0.067372032,3.328e-05,0.000132096,main,ok,4.684019533917308,complete,
naive,128,128,bfloat16,,,0.05881600081920624,0.15591999888420105,0.28305600583553314,0.067305984,0.067404288,6.6048e-05,0.000164352,main,ok,6.571379933040589,complete,
flash_pytorch,128,128,bfloat16,128,128,0.2762079983949661,0.3415359854698181,0.8580160140991211,0.067490304,0.06770176,0.000250368,0.000461824,main,ok,4.437572175171226,complete,
flash_triton,128,128,bfloat16,64,64,0.01571200042963028,0.16432000696659088,0.2637600004673004,0.067273216,0.067469824,3.328e-05,0.000229888,main,ok,4.692158374935389,complete,
naive,128,128,float32,,,0.05841600149869919,0.1616319939494133,0.32121598720550537,0.067502592,0.0676992,0.000131584,0.000328192,main,ok,6.213128440082073,complete,
flash_pytorch,128,128,float32,128,128,0.2266080006957054,0.6865279972553253,0.9526239931583405,0.067850752,0.068291584,0.000479744,0.000920576,main,ok,4.194858145900071,complete,
flash_triton,128,128,float32,16,16,0.029152000322937965,0.10654399916529655,0.1584319993853569,0.067437056,0.067634176,6.6048e-05,0.000263168,main,ok,4.388986637350172,complete,
naive,256,16,bfloat16,,,0.07142399996519089,0.22473600506782532,0.4339359998703003,0.067404288,0.067544064,0.000262656,0.000402432,main,ok,6.692238442134112,complete,
flash_pytorch,256,16,bfloat16,256,256,0.30051200091838837,0.4859200119972229,0.9509760141372681,0.067622912,0.0681216,0.00048128,0.000979968,main,ok,5.109942412935197,complete,
flash_triton,256,16,bfloat16,64,64,0.007615999784320593,0.10412800312042236,0.1738560050725937,0.067150848,0.0672,9.216e-06,5.8368e-05,main,ok,4.359833023045212,complete,
naive,256,16,float32,,,0.07656000182032585,0.1947840005159378,0.4496000111103058,0.067699712,0.067979264,0.000525312,0.000804864,main,ok,6.489047292154282,complete,
flash_pytorch,256,16,float32,256,256,0.3117920011281967,0.5108000040054321,1.0722880363464355,0.068067328,0.06913024,0.000892928,0.00195584,main,ok,4.427451646886766,complete,
flash_triton,256,16,float32,64,64,0.01724799908697605,0.10284800082445145,0.1820639967918396,0.067191808,0.067241984,1.7408e-05,6.7584e-05,main,ok,4.294754299335182,complete,
naive,256,32,bfloat16,,,0.06963200122117996,0.18880000710487366,0.36134400963783264,0.067437056,0.067585024,0.000262656,0.000410624,main,ok,7.010002457071096,complete,
flash_pytorch,256,32,bfloat16,256,256,0.21164800226688385,0.5244640111923218,0.9742720127105713,0.067672064,0.068211712,0.000497664,0.001037312,main,ok,4.756779090967029,complete,
flash_triton,256,32,bfloat16,64,32,0.01414399966597557,0.15225599706172943,0.2820799946784973,0.067191808,0.067290112,1.7408e-05,0.000115712,main,ok,5.18156459601596,complete,
naive,256,32,float32,,,0.07656000182032585,0.23889599740505219,0.3853760063648224,0.067765248,0.068061184,0.000525312,0.000821248,main,ok,6.353011521045119,complete,
flash_pytorch,256,32,float32,256,256,0.3009920120239258,0.5434240102767944,1.0167039632797241,0.068165632,0.069310464,0.000925696,0.002070528,main,ok,4.758037879131734,complete,
flash_triton,256,32,float32,32,32,0.021536000072956085,0.13708799332380295,0.2576320022344589,0.067273728,0.067373056,3.3792e-05,0.00013312,main,ok,4.708187172189355,complete,
naive,256,64,bfloat16,,,0.06646399945020676,0.18185600638389587,0.4201440066099167,0.067502592,0.067666944,0.000262656,0.000427008,main,ok,6.225449587684125,complete,
flash_pytorch,256,64,bfloat16,256,256,0.20233599841594696,0.47436800599098206,0.7976000010967255,0.067770368,0.068391936,0.000530432,0.001152,main,ok,4.161712229717523,complete,
flash_triton,256,64,bfloat16,64,64,0.009151999838650227,0.14524799585342407,0.17219200730323792,0.067273728,0.067470336,3.3792e-05,0.0002304,main,ok,4.372747193090618,complete,
naive,256,64,float32,,,0.0395359992980957,0.19092799723148346,0.33267199993133545,0.06789632,0.068225024,0.000525312,0.000854016,main,ok,6.445715530309826,complete,
flash_pytorch,256,64,float32,256,256,0.2131199985742569,0.49507200717926025,0.858815997838974,0.06836224,0.069670912,0.000991232,0.002299904,main,ok,4.236208559945226,complete,
flash_triton,256,64,float32,32,32,0.031808000057935715,0.12518399953842163,0.1955679953098297,0.067437568,0.0676352,6.656e-05,0.000264192,main,ok,4.881008321419358,complete,
naive,256,128,bfloat16,,,0.03526400029659271,0.12505599856376648,0.2513279914855957,0.067633664,0.067830784,0.000262656,0.000459776,main,ok,6.438969310373068,complete,
flash_pytorch,256,128,bfloat16,256,256,0.20743999630212784,0.48177599906921387,0.8702719807624817,0.068033024,0.068752384,0.000662016,0.001381376,main,ok,4.398592810146511,complete,
flash_triton,256,128,bfloat16,32,32,0.014976000413298607,0.15164799988269806,0.27167999744415283,0.067437568,0.067830784,6.656e-05,0.000459776,main,ok,4.970285197719932,complete,
naive,256,128,float32,,,0.07603199779987335,0.1958719938993454,0.36929599940776825,0.068158464,0.068552704,0.000525312,0.000919552,main,ok,6.32294965069741,complete,
flash_pytorch,256,128,float32,256,256,0.3373280018568039,0.5003360211849213,0.9762880206108093,0.068887552,0.070391808,0.0012544,0.002758656,main,ok,4.952636070083827,complete,
flash_triton,256,128,float32,16,16,0.05206400156021118,0.19760000705718994,0.24700799584388733,0.067765248,0.068159488,0.000132096,0.000526336,main,ok,4.463411759119481,complete,
naive,512,16,bfloat16,,,0.06844799965620041,0.13769599795341492,0.35950399935245514,0.068224,0.068765696,0.0010496,0.001591296,main,ok,6.760655268095434,complete,
flash_pytorch,512,16,bfloat16,512,512,0.2759519964456558,0.5019840002059937,0.9067040085792542,0.069054464,0.070969344,0.001880064,0.003794944,main,ok,5.002138082869351,complete,
flash_triton,512,16,bfloat16,16,16,0.01539199985563755,0.14374400675296783,0.24966399371623993,0.067192832,0.067291136,1.8432e-05,0.000116736,main,ok,4.693177801091224,complete,
naive,512,16,float32,,,0.07207999750971794,0.1879040002822876,0.4481920003890991,0.069339136,0.070422528,0.0020992,0.003182592,main,ok,6.87379101710394,complete,
flash_pytorch,512,16,float32,512,512,0.22355199605226517,1.0017280578613281,0.9617760181427002,0.070729728,0.074821632,0.003489792,0.007581696,main,ok,4.238285630010068,complete,
flash_triton,512,16,float32,32,32,0.02412799932062626,0.097120001912117,0.19007999449968338,0.067274752,0.067375104,3.4816e-05,0.000135168,main,ok,5.066467075143009,complete,
naive,512,32,bfloat16,,,0.07513599842786789,0.1910720020532608,0.3612479865550995,0.068289536,0.068847616,0.0010496,0.00160768,main,ok,6.864902241155505,complete,
flash_pytorch,512,32,bfloat16,512,512,0.19617599993944168,0.466048002243042,0.8061760067939758,0.069152768,0.071149568,0.001912832,0.003909632,main,ok,4.3176626288332045,complete,
flash_triton,512,32,bfloat16,64,64,0.010591999627649784,0.10665600001811981,0.1815679967403412,0.067274752,0.06747136,3.4816e-05,0.000231424,main,ok,4.425461487844586,complete,
naive,512,32,float32,,,0.07116799801588058,0.1929280012845993,0.35767999291419983,0.069470208,0.070586368,0.0020992,0.00321536,main,ok,6.861121084075421,complete,
flash_pytorch,512,32,float32,512,512,0.20944000035524368,0.4795199930667877,0.8167679905891418,0.070926336,0.07518208,0.003555328,0.007811072,main,ok,4.0179499867372215,complete,
flash_triton,512,32,float32,16,16,0.03641600161790848,0.11072000116109848,0.17507199943065643,0.067438592,0.067637248,6.7584e-05,0.00026624,main,ok,4.428403469268233,complete,
naive,512,64,bfloat16,,,0.07732800021767616,0.19644799828529358,0.3786559998989105,0.068420608,0.069011456,0.0010496,0.001640448,main,ok,6.575025791302323,complete,
flash_pytorch,512,64,bfloat16,512,512,0.2277280017733574,0.5466880202293396,1.013856053352356,0.069349376,0.071510016,0.001978368,0.004139008,main,ok,4.723841655999422,complete,
flash_triton,512,64,bfloat16,64,64,0.012128000147640705,0.12017599865794182,0.21985600143671036,0.067438592,0.067831808,6.7584e-05,0.0004608,main,ok,4.660576253198087,complete,
naive,512,64,float32,,,0.07614399865269661,0.25491198897361755,0.3996799886226654,0.069732352,0.070914048,0.0020992,0.003280896,main,ok,6.459437108132988,complete,
flash_pytorch,512,64,float32,512,512,0.21243199706077576,0.4872799962759018,0.8311519920825958,0.071319552,0.075902976,0.0036864,0.008269824,main,ok,4.340260295197368,complete,
flash_triton,512,64,float32,16,16,0.057023998349905014,0.18863999843597412,0.24358400702476501,0.067766272,0.068161536,0.00013312,0.000528384,main,ok,4.974951295182109,complete,
naive,512,128,bfloat16,,,0.038943998515605927,0.24004799872636795,0.4474560022354126,0.068682752,0.069339136,0.0010496,0.001705984,main,ok,6.3055028626695275,complete,
flash_pytorch,512,128,bfloat16,512,512,0.2966880053281784,0.4927840083837509,0.9171519875526428,0.069742592,0.072230912,0.00210944,0.00459776,main,ok,4.548976324964315,complete,
flash_triton,512,128,bfloat16,32,32,0.02175999991595745,0.1231359988451004,0.22668799757957458,0.067766272,0.068552704,0.00013312,0.000919552,main,ok,4.638557245023549,complete,
naive,512,128,float32,,,0.03852799907326698,0.1838880032300949,0.31324799358844757,0.07025664,0.071569408,0.0020992,0.003411968,main,ok,6.217396063730121,complete,
flash_pytorch,512,128,float32,512,512,0.20555199682712555,0.38233599066734314,0.7796159982681274,0.072105984,0.077344768,0.003948544,0.009187328,main,ok,4.175666892901063,complete,
flash_triton,512,128,float32,16,16,0.09839999675750732,0.38207998871803284,0.4785279929637909,0.068421632,0.069210112,0.000264192,0.001052672,main,ok,4.520801349077374,complete,
naive,1024,16,bfloat16,,,0.06748799979686737,0.1393599957227707,0.42816001176834106,0.071436288,0.073568256,0.004196352,0.00632832,main,ok,6.3987049967981875,complete,
flash_pytorch,1024,16,bfloat16,1024,1024,0.21139200031757355,0.5576959848403931,0.8299199938774109,0.07467008,0.082169856,0.007430144,0.01492992,main,ok,4.302907791920006,complete,
flash_triton,1024,16,bfloat16,64,64,0.014015999622642994,0.08246400207281113,0.17190399765968323,0.0672768,0.067473408,3.6864e-05,0.000233472,main,ok,4.420004100073129,complete,
naive,1024,16,float32,,,0.08816000074148178,0.248416006565094,0.33369600772857666,0.075763712,0.080027648,0.008392704,0.01265664,main,ok,6.329727952834219,complete,
flash_pytorch,1024,16,float32,1024,1024,0.20979200303554535,0.48582400381565094,0.8152479827404022,0.081166336,0.097214464,0.013795328,0.029843456,main,ok,4.148344045970589,complete,
flash_triton,1024,16,float32,16,16,0.03580800071358681,0.09595200046896935,0.16371199488639832,0.06744064,0.067641344,6.9632e-05,0.000270336,main,ok,4.268612680956721,complete,
naive,1024,32,bfloat16,,,0.06972800195217133,0.1828480064868927,0.3503359854221344,0.07156736,0.073732096,0.004196352,0.006361088,main,ok,6.378928946796805,complete,
flash_pytorch,1024,32,bfloat16,1024,1024,0.2799359858036041,0.4667840003967285,0.8781440258026123,0.074866688,0.082530304,0.00749568,0.015159296,main,ok,4.458759298082441,complete,
flash_triton,1024,32,bfloat16,64,64,0.01583999954164028,0.0801599994301796,0.17052799463272095,0.06744064,0.067833856,6.9632e-05,0.000462848,main,ok,4.643357518129051,complete,
naive,1024,32,float32,,,0.07651200145483017,0.19475199282169342,0.36180800199508667,0.076025856,0.080355328,0.008392704,0.012722176,main,ok,6.137217302806675,complete,
flash_pytorch,1024,32,float32,1024,1024,0.3072640001773834,0.5232639908790588,0.9677760004997253,0.081559552,0.09793536,0.0139264,0.030302208,main,ok,4.492092830128968,complete,
flash_triton,1024,32,float32,16,16,0.06710399687290192,0.20795200020074844,0.27212798595428467,0.06776832,0.068165632,0.000135168,0.00053248,main,ok,4.596793202217668,complete,
naive,1024,64,bfloat16,,,0.07062400132417679,0.1841599941253662,0.348224014043808,0.071829504,0.074059776,0.004196352,0.006426624,main,ok,6.219671448227018,complete,
flash_pytorch,1024,64,bfloat16,1024,1024,0.2972160130739212,0.5982719957828522,0.9472000002861023,0.075259904,0.0832512,0.007626752,0.015618048,main,ok,4.650206304620951,complete,
flash_triton,1024,64,bfloat16,64,32,0.021568000316619873,0.08115199953317642,0.1701280027627945,0.06776832,0.068554752,0.000135168,0.0009216,main,ok,5.212321824859828,complete,
naive,1024,64,float32,,,0.0732479989528656,0.19313599914312363,0.36374399065971375,0.076550144,0.081010688,0.008392704,0.012853248,main,ok,6.420086689759046,complete,
flash_pytorch,1024,64,float32,1024,1024,0.2877439856529236,0.4763199985027313,0.8089600205421448,0.082345984,0.099377152,0.014188544,0.031219712,main,ok,4.215665936935693,complete,
flash_triton,1024,64,float32,16,16,0.10924799740314484,0.36444801092147827,0.47094398736953735,0.06842368,0.069214208,0.00026624,0.001056768,main,ok,4.604882387910038,complete,
naive,1024,128,bfloat16,,,0.03776000067591667,0.17638400197029114,0.3028319925069809,0.072353792,0.074715136,0.004196352,0.006557696,main,ok,6.090734011027962,complete,
flash_pytorch,1024,128,bfloat16,1024,1024,0.21347199380397797,0.49561598896980286,0.8374080061912537,0.076046336,0.084692992,0.007888896,0.016535552,main,ok,4.145339434035122,complete,
flash_triton,1024,128,bfloat16,64,32,0.025855999439954758,0.07199999690055847,0.1440960019826889,0.06842368,0.069996544,0.00026624,0.001839104,main,ok,4.147238476201892,complete,
naive,1024,128,float32,,,0.040863998234272,0.130048006772995,0.42903999984264374,0.07759872,0.082321408,0.008392704,0.013115392,main,ok,6.242875101976097,complete,
flash_pytorch,1024,128,float32,1024,1024,0.24611200392246246,0.40006399154663086,0.766431987285614,0.083918848,0.102260736,0.014712832,0.03305472,main,ok,4.1651012897491455,complete,
flash_triton,1024,128,float32,16,16,0.19100800156593323,0.7485120296478271,0.9356480240821838,0.0697344,0.07131136,0.000528384,0.002105344,main,ok,5.040605223271996,complete,
naive,2048,16,bfloat16,,,0.07009599730372429,0.14614400267601013,0.3152640014886856,0.08415232,0.09261056,0.016781312,0.025239552,main,ok,6.222266403958201,complete,
flash_pytorch,2048,16,bfloat16,1024,1024,0.7034239768981934,1.7672480344772339,2.5382080078125,0.076935168,0.082436096,0.00956416,0.015065088,main,ok,4.596411109901965,complete,
flash_triton,2048,16,bfloat16,64,32,0.02953599952161312,0.100832000374794,0.17108800262212753,0.067444736,0.067837952,7.3728e-05,0.000466944,main,ok,4.1861157030798495,complete,
naive,2048,16,float32,,,0.06249599903821945,0.18036799877882004,0.32070401310920715,0.101195776,0.118112256,0.033562624,0.050479104,main,ok,6.378196028061211,complete,
flash_pytorch,2048,16,float32,1024,1024,0.6974560022354126,1.346448004245758,2.1167678833007812,0.085696512,0.097746944,0.01806336,0.030113792,main,ok,4.385695357806981,complete,
flash_triton,2048,16,float32,16,16,0.06707199662923813,0.17977599799633026,0.2430720031261444,0.067772416,0.068173824,0.000139264,0.000540672,main,ok,4.128927392885089,complete,
naive,2048,32,bfloat16,,,0.03830400109291077,0.17580799758434296,0.3027999997138977,0.084414464,0.09293824,0.016781312,0.025305088,main,ok,5.912254366092384,complete,
flash_pytorch,2048,32,bfloat16,1024,1024,0.6933119893074036,1.3782399892807007,2.144927978515625,0.077295616,0.083058688,0.009662464,0.015425536,main,ok,4.470294259022921,complete,
flash_triton,2048,32,bfloat16,64,32,0.03177599981427193,0.07791999727487564,0.14483200013637543,0.067772416,0.068558848,0.000139264,0.000925696,main,ok,4.195834836922586,complete,
naive,2048,32,float32,,,0.06569600105285645,0.13264000415802002,0.3134720027446747,0.101720064,0.118767616,0.033562624,0.050610176,main,ok,5.97194956894964,complete,
flash_pytorch,2048,32,float32,1024,1024,0.6932160258293152,1.7436960339546204,2.501312017440796,0.086417408,0.098992128,0.018259968,0.030834688,main,ok,4.531396626029164,complete,
flash_triton,2048,32,float32,16,16,0.12860800325870514,0.40243199467658997,0.5276479721069336,0.068427776,0.0692224,0.000270336,0.00106496,main,ok,4.895789987407625,complete,
naive,2048,64,bfloat16,,,0.06963200122117996,0.18505600094795227,0.42816001176834106,0.084938752,0.0935936,0.016781312,0.02543616,main,ok,6.446062675211579,complete,
flash_pytorch,2048,64,bfloat16,1024,1024,0.6683520078659058,1.713536024093628,2.453536033630371,0.078016512,0.084303872,0.009859072,0.016146432,main,ok,4.890488493256271,complete,
flash_triton,2048,64,bfloat16,32,32,0.04947200044989586,0.1215520016849041,0.21166399866342545,0.068427776,0.07000064,0.000270336,0.0018432,main,ok,4.698306762147695,complete,
naive,2048,64,float32,,,0.07783999666571617,0.191600002348423,0.36051200330257416,0.10276864,0.120078336,0.033562624,0.05087232,main,ok,6.156967693939805,complete,
flash_pytorch,2048,64,float32,1024,1024,0.6834880113601685,1.7702560424804688,2.75382399559021,0.0878592,0.101482496,0.018653184,0.03227648,main,ok,4.634457303211093,complete,
flash_triton,2048,64,float32,16,16,0.2120639979839325,0.7127840220928192,0.9212160110473633,0.069738496,0.071319552,0.00053248,0.002113536,main,ok,4.867551174014807,complete,
naive,2048,128,bfloat16,,,0.0387520007789135,0.17609600722789764,0.3011679947376251,0.085987328,0.09490432,0.016781312,0.025698304,main,ok,6.4499564920552075,complete,
flash_pytorch,2048,128,bfloat16,1024,1024,0.6694239974021912,1.735759973526001,2.4668480157852173,0.079458304,0.08679424,0.010252288,0.017588224,main,ok,4.654999766033143,complete,
flash_triton,2048,128,bfloat16,64,32,0.045471999794244766,0.10956799983978271,0.18329599499702454,0.069738496,0.072884224,0.00053248,0.003678208,main,ok,4.272532635834068,complete,
naive,2048,128,float32,,,0.09329600259661674,0.20867200195789337,0.37827199697494507,0.104865792,0.122699776,0.033562624,0.051396608,main,ok,6.24895200971514,complete,
flash_pytorch,2048,128,float32,1024,1024,0.705808013677597,1.7691199779510498,2.568864107131958,0.090742784,0.106463232,0.019439616,0.035160064,main,ok,4.680471355095506,complete,
flash_triton,2048,128,float32,16,16,0.37670400738716125,1.4848960041999817,1.856768012046814,0.072359936,0.075513856,0.001056768,0.004210688,main,ok,5.508647513110191,complete,
naive,4096,16,bfloat16,,,0.11976000294089317,0.20127999782562256,0.4503999948501587,0.134750208,0.168443904,0.067117056,0.100810752,main,ok,6.398516009096056,complete,
flash_pytorch,4096,16,bfloat16,1024,1024,2.409343957901001,6.351327896118164,9.48692798614502,0.077266944,0.082968576,0.009633792,0.015335424,main,ok,4.258606498129666,complete,
flash_triton,4096,16,bfloat16,64,32,0.0544000007212162,0.11211199685931206,0.18083200603723526,0.067780608,0.06856704,0.000147456,0.000933888,main,ok,4.2387637426145375,complete,
naive,4096,16,float32,,,0.21225599944591522,0.31459200382232666,0.5220800042152405,0.202391552,0.269778944,0.134234112,0.201621504,main,ok,6.5046325689181685,complete,
flash_pytorch,4096,16,float32,1024,1024,2.42905592918396,6.447296142578125,9.643775939941406,0.086360064,0.098811904,0.018202624,0.030654464,main,ok,4.227755791973323,complete,
flash_triton,4096,16,float32,16,16,0.18281599879264832,0.5584479868412018,0.7389920055866241,0.068435968,0.069238784,0.000278528,0.001081344,main,ok,4.617516191210598,complete,
naive,4096,32,bfloat16,,,0.11695999652147293,0.19324800372123718,0.3723199963569641,0.135274496,0.169099264,0.067117056,0.100941824,main,ok,6.170331772882491,complete,
flash_pytorch,4096,32,bfloat16,1024,1024,2.3262239694595337,6.139824151992798,9.009344100952148,0.077955072,0.084115456,0.009797632,0.015958016,main,ok,4.207972313743085,complete,
flash_triton,4096,32,bfloat16,64,32,0.05696000158786774,0.12915199995040894,0.20694400370121002,0.068435968,0.070008832,0.000278528,0.001851392,main,ok,4.312142103910446,complete,
naive,4096,32,float32,,,0.2268799990415573,0.3425920009613037,0.5646399855613708,0.203440128,0.271089664,0.134234112,0.201883648,main,ok,6.11103399284184,complete,
flash_pytorch,4096,32,float32,1024,1024,2.3520960807800293,6.520480155944824,9.213824272155762,0.08773632,0.101105664,0.018530304,0.031899648,main,ok,4.328652020078152,complete,
flash_triton,4096,32,float32,16,16,0.41705599427223206,1.4430079460144043,1.8553600311279297,0.069746688,0.071335936,0.000540672,0.00212992,main,ok,4.709732719231397,complete,
naive,4096,64,bfloat16,,,0.11644800007343292,0.1934400051832199,0.31004801392555237,0.136323072,0.170409984,0.067117056,0.101203968,main,ok,6.213405741844326,complete,
flash_pytorch,4096,64,bfloat16,1024,1024,3.026144027709961,6.148144006729126,10.181407928466797,0.079331328,0.086409216,0.010125312,0.0172032,main,ok,4.384866147767752,complete,
flash_triton,4096,64,bfloat16,32,32,0.09283199906349182,0.16019199788570404,0.2457599937915802,0.069746688,0.072892416,0.000540672,0.0036864,main,ok,4.101826243568212,complete,
naive,4096,64,float32,,,0.2672959864139557,0.4495840072631836,0.7114079892635345,0.20553728,0.273711104,0.134234112,0.202407936,main,ok,5.973439075052738,complete,
flash_pytorch,4096,64,float32,1024,1024,2.352735996246338,6.29695987701416,9.22547197341919,0.090488832,0.105693184,0.019185664,0.034390016,main,ok,4.05501240119338,complete,
flash_triton,4096,64,float32,16,16,0.7452800273895264,2.7118079662323,3.4453920125961304,0.072368128,0.07553024,0.00106496,0.004227072,main,ok,4.717049282044172,complete,
naive,4096,128,bfloat16,,,0.12140800058841705,0.20239999890327454,0.35331200063228607,0.138420224,0.173031424,0.067117056,0.101728256,main,ok,6.357263842597604,complete,
flash_pytorch,4096,128,bfloat16,1024,1024,2.3772480487823486,6.144032001495361,9.079327583312988,0.08208384,0.090996736,0.010780672,0.019693568,main,ok,4.203180926386267,complete,
flash_triton,4096,128,bfloat16,64,32,0.08435200154781342,0.19388799369335175,0.2726080119609833,0.072368128,0.078659584,0.00106496,0.007356416,main,ok,4.544378904625773,complete,
naive,4096,128,float32,,,0.35206401348114014,0.6619200110435486,1.0114399790763855,0.209731584,0.278953984,0.134234112,0.203456512,main,ok,6.449044419918209,complete,
flash_pytorch,4096,128,float32,1024,1024,3.094559907913208,4.771072149276733,7.429279804229736,0.095993856,0.114868224,0.020496384,0.039370752,main,ok,4.41929326672107,complete,
flash_triton,4096,128,float32,16,16,1.4012479782104492,5.52342414855957,6.903424024581909,0.077611008,0.083918848,0.002113536,0.008421376,main,ok,4.44066011486575,complete,
naive,8192,16,bfloat16,,,0.5093759894371033,0.6499199867248535,1.156224012374878,0.33660928,0.471105536,0.26845184,0.402948096,main,ok,6.28037987370044,complete,
flash_pytorch,8192,16,bfloat16,1024,1024,11.280848026275635,24.973888397216797,42.96035194396973,0.077930496,0.084033536,0.009773056,0.015876096,main,ok,5.0707363984547555,complete,
flash_triton,8192,16,bfloat16,64,32,0.10412800312042236,0.23660799860954285,0.32150399684906006,0.068452352,0.070025216,0.000294912,0.001867776,main,ok,4.219259670935571,complete,
naive,8192,16,float32,,,0.7570880055427551,1.0788480043411255,1.8374559879302979,0.606109696,0.875102208,0.53690368,0.805896192,main,ok,6.22754674917087,complete,
flash_pytorch,8192,16,float32,1024,1024,8.706720352172852,23.915040016174316,38.00360107421875,0.087687168,0.100941824,0.018481152,0.031735808,main,ok,4.502159192226827,complete,
flash_triton,8192,16,float32,16,16,0.629535973072052,2.1734399795532227,2.7995359897613525,0.069763072,0.071368704,0.000557056,0.002162688,main,ok,4.266986763104796,complete,
naive,8192,32,bfloat16,,,0.5096319913864136,0.6452800035476685,1.1522239446640015,0.337657856,0.472416256,0.26845184,0.40321024,main,ok,6.120906721334904,complete,
flash_pytorch,8192,32,bfloat16,1024,1024,8.485152244567871,23.352656364440918,36.69179344177246,0.079273984,0.086228992,0.010067968,0.017022976,main,ok,4.570754234679043,complete,
flash_triton,8192,32,bfloat16,64,32,0.10873600095510483,0.2821440100669861,0.3752480000257492,0.069763072,0.0729088,0.000557056,0.003702784,main,ok,4.272769869305193,complete,
naive,8192,32,float32,,,0.7892960011959076,1.1528960466384888,1.9410879611968994,0.608206848,0.877723648,0.53690368,0.80642048,main,ok,6.155372502282262,complete,
flash_pytorch,8192,32,float32,1024,1024,8.844575881958008,24.167519569396973,36.856096267700195,0.090374144,0.105332736,0.019070976,0.034029568,main,ok,4.5489997789263725,complete,
flash_triton,8192,32,float32,16,16,1.572767972946167,5.704256057739258,7.287519931793213,0.072384512,0.075563008,0.001081344,0.00425984,main,ok,4.372744930908084,complete,
naive,8192,64,bfloat16,,,0.5103999972343445,0.6511839926242828,1.1574719548225403,0.339755008,0.475037696,0.26845184,0.403734528,main,ok,6.472695067990571,complete,
flash_pytorch,8192,64,bfloat16,1024,1024,8.536479949951172,23.67403221130371,37.1100959777832,0.08196096,0.090619904,0.010657792,0.019316736,main,ok,4.653398429974914,complete,
flash_triton,8192,64,bfloat16,32,32,0.23024000227451324,0.4384320080280304,0.6657919883728027,0.072384512,0.078675968,0.001081344,0.0073728,main,ok,4.448804005049169,complete,
naive,8192,64,float32,,,0.947055995464325,1.5690560340881348,2.5129120349884033,0.612401152,0.882966528,0.53690368,0.807469056,main,ok,6.290351853705943,complete,
flash_pytorch,8192,64,float32,1024,1024,9.544895648956299,26.46441650390625,39.145103454589844,0.095748096,0.11411456,0.020250624,0.038617088,main,ok,4.652042753994465,complete,
flash_triton,8192,64,float32,16,16,2.8483519554138184,10.744959831237793,13.595935821533203,0.077627392,0.083951616,0.00212992,0.008454144,main,ok,5.396722538396716,complete,
naive,8192,128,bfloat16,,,0.5129440128803253,0.6652799844741821,1.1779520511627197,0.343949312,0.480280576,0.26845184,0.404783104,main,ok,7.240037455223501,complete,
flash_pytorch,8192,128,bfloat16,1024,1024,10.928192138671875,23.13535976409912,40.08700942993164,0.087334912,0.099401728,0.01183744,0.023904256,main,ok,5.375887069385499,complete,
flash_triton,8192,128,bfloat16,64,32,0.15990400314331055,0.4330559968948364,0.5889919996261597,0.077627392,0.090210304,0.00212992,0.014712832,main,ok,4.883730087894946,complete,
naive,8192,128,float32,,,1.2926080226898193,2.401360034942627,3.692255973815918,0.62078976,0.893452288,0.53690368,0.809566208,main,ok,6.528637880925089,complete,
flash_pytorch,8192,128,float32,1024,1024,9.284943580627441,19.699840545654297,33.611711502075195,0.106496,0.131678208,0.02260992,0.047792128,main,ok,4.875394148752093,complete,
flash_triton,8192,128,float32,16,16,5.4174559116363525,21.79729652404785,27.225631713867188,0.088113152,0.100728832,0.004227072,0.016842752,main,ok,5.481065290980041,complete,
naive,16384,16,bfloat16,,,1.9281280040740967,2.428704023361206,4.357568025588989,1.142980608,1.680408576,1.073774592,1.61120256,main,ok,6.165575591381639,complete,
flash_pytorch,16384,16,bfloat16,1024,1024,45.8003044128418,97.61363220214844,151.33795166015625,0.0792576,0.086163456,0.010051584,0.01695744,main,ok,7.445127125363797,complete,
flash_triton,16384,16,bfloat16,64,32,0.2321919947862625,0.6017600297927856,0.8282560110092163,0.06979584,0.072941568,0.000589824,0.003735552,main,ok,4.35934029892087,complete,
naive,16384,16,float32,,,2.8716158866882324,3.969520092010498,6.840496063232422,2.218852352,3.293708288,2.147549184,3.22240512,main,ok,6.2193608353845775,complete,
flash_pytorch,16384,16,float32,1024,1024,35.546112060546875,102.59532928466797,155.86679077148438,0.090341376,0.105201664,0.019038208,0.033898496,main,ok,6.69506486132741,complete,
flash_triton,16384,16,float32,16,16,2.531519889831543,8.601951599121094,11.129663944244385,0.07241728,0.075628544,0.001114112,0.004325376,main,ok,4.602384676225483,complete,
naive,16384,32,bfloat16,,,1.9316799640655518,2.4519360065460205,4.385120153427124,1.14507776,1.683030016,1.073774592,1.611726848,main,ok,6.653974446002394,complete,
flash_pytorch,16384,32,bfloat16,1024,1024,33.25075149536133,93.42668914794922,132.70509338378906,0.081911808,0.090456064,0.01060864,0.019152896,main,ok,6.406491848174483,complete,
flash_triton,16384,32,bfloat16,64,32,0.2680000066757202,0.8548000156879425,1.1215039491653442,0.07241728,0.078708736,0.001114112,0.007405568,main,ok,4.75515695521608,complete,
naive,16384,32,float32,,,3.028208017349243,4.291087865829468,7.33241605758667,2.223046656,3.298951168,2.147549184,3.223453696,main,ok,6.727996873203665,complete,
flash_pytorch,16384,32,float32,1024,1024,33.42321586608887,98.9804458618164,141.17657470703125,0.095649792,0.11378688,0.02015232,0.038289408,main,ok,6.360136090777814,complete,
flash_triton,16384,32,float32,16,16,6.313407897949219,22.74620819091797,29.16921615600586,0.07766016,0.084017152,0.002162688,0.00851968,main,ok,4.80081778485328,complete,
naive,16384,64,bfloat16,,,1.9341279864311218,2.4659520387649536,4.400975942611694,1.149272064,1.688272896,1.073774592,1.612775424,main,ok,6.575853019952774,complete,
flash_pytorch,16384,64,bfloat16,1024,1024,33.12092971801758,93.14054107666016,131.37158203125,0.087220224,0.09904128,0.011722752,0.023543808,main,ok,6.2761583076789975,complete,
flash_triton,16384,64,bfloat16,32,32,0.7016639709472656,1.4854879975318909,2.1796799898147583,0.07766016,0.090243072,0.002162688,0.0147456,main,ok,4.3071748381480575,complete,
naive,16384,64,float32,,,3.686367988586426,6.011775970458984,9.695792198181152,2.231435264,3.309436928,2.147549184,3.225550848,main,ok,6.551393618807197,complete,
flash_pytorch,16384,64,float32,1024,1024,32.949344635009766,93.73225402832031,132.56787109375,0.106266624,0.130957312,0.022380544,0.047071232,main,ok,6.270807606168091,complete,
flash_triton,16384,64,float32,16,16,11.412928104400635,42.832271575927734,54.26249694824219,0.08814592,0.100794368,0.00425984,0.016908288,main,ok,5.148614688310772,complete,
naive,16384,128,bfloat16,,,1.9507680535316467,2.503391981124878,4.450432062149048,1.157660672,1.698758656,1.073774592,1.614872576,main,ok,6.088113422039896,complete,
flash_pytorch,16384,128,bfloat16,1024,1024,32.57417678833008,93.25421142578125,130.4033660888672,0.097837056,0.116211712,0.013950976,0.032325632,main,ok,6.383979965001345,complete,
flash_triton,16384,128,bfloat16,64,32,0.443807989358902,1.4374719858169556,1.8725119829177856,0.08814592,0.113311744,0.00425984,0.029425664,main,ok,4.25039607193321,complete,
naive,16384,128,float32,,,5.059584140777588,9.360000133514404,14.433391571044922,2.24821248,3.330408448,2.147549184,3.229745152,main,ok,6.121961317025125,complete,
flash_pytorch,16384,128,float32,1024,1024,45.743553161621094,97.94032287597656,149.93814086914062,0.127500288,0.165298176,0.026836992,0.06463488,main,ok,7.305875740945339,complete,
flash_triton,16384,128,float32,16,16,21.63161563873291,87.04777526855469,108.702880859375,0.10911744,0.1343488,0.008454144,0.033685504,main,ok,6.464076210279018,complete,
naive,32768,16,bfloat16,,,7.111072063446045,9.581039905548096,16.685855865478516,4.366336,6.51493376,4.295032832,6.443630592,main,ok,7.390699753072113,complete,
flash_pytorch,32768,16,bfloat16,1024,1024,166.76585388183594,277.13739013671875,454.09637451171875,0.081911808,0.090423296,0.01060864,0.019120128,main,ok,14.10715786088258,complete,
flash_triton,32768,16,bfloat16,64,32,0.8798080086708069,2.2433120012283325,3.1184000968933105,0.072482816,0.078774272,0.001179648,0.007471104,main,ok,4.702951682731509,complete,
naive,32768,16,float32,,,11.248287677764893,15.43134355545044,26.685504913330078,8.665563136,12.962758656,8.590065664,12.887261184,main,ok,6.699851669836789,complete,
flash_pytorch,32768,16,float32,1024,1024,130.16403198242188,375.9626770019531,510.9480895996094,0.095649792,0.113721344,0.02015232,0.038223872,main,ok,13.691965865902603,complete,
flash_triton,32768,16,float32,16,16,9.94377613067627,34.19649696350098,44.1035041809082,0.077725696,0.084148224,0.002228224,0.008650752,main,ok,5.256911927368492,complete,
naive,32768,32,bfloat16,,,7.122560024261475,9.685904026031494,16.821760177612305,4.370530304,6.52017664,4.295032832,6.444679168,main,ok,6.590082294307649,complete,
flash_pytorch,32768,32,bfloat16,1024,1024,127.43043518066406,367.6912536621094,537.9002075195312,0.087187456,0.098910208,0.011689984,0.023412736,main,ok,13.514048423152417,complete,
flash_triton,32768,32,bfloat16,64,32,0.9679679870605469,2.977407932281494,3.9430400133132935,0.077725696,0.090308608,0.002228224,0.014811136,main,ok,4.355780205223709,complete,
naive,32768,32,float32,,,11.916496276855469,16.768320083618164,28.651840209960938,8.673951744,12.973244416,8.590065664,12.889358336,main,ok,6.052032886072993,complete,
flash_pytorch,32768,32,float32,1024,1024,130.9368896484375,378.8395080566406,554.4903564453125,0.106201088,0.130695168,0.022315008,0.046809088,main,ok,13.847236828878522,complete,
flash_triton,32768,32,float32,16,16,25.100543975830078,90.74479675292969,115.84255981445312,0.088211456,0.10092544,0.004325376,0.01703936,main,ok,6.269109172746539,complete,
naive,32768,64,bfloat16,,,7.144063949584961,9.740976333618164,16.88915252685547,4.378918912,6.5306624,4.295032832,6.44677632,main,ok,6.6584661290980875,complete,
flash_pytorch,32768,64,bfloat16,1024,1024,127.44550323486328,374.21142578125,457.89715576171875,0.097738752,0.115884032,0.013852672,0.031997952,main,ok,14.020735942292958,complete,
flash_triton,32768,64,bfloat16,32,32,2.770591974258423,5.7540318965911865,8.5164155960083,0.088211456,0.11337728,0.004325376,0.0294912,main,ok,4.697028271853924,complete,
naive,32768,64,float32,,,14.608928203582764,23.472224235534668,38.11924743652344,8.69072896,12.994215936,8.590065664,12.89355264,main,ok,6.3253085860051215,complete,
flash_pytorch,32768,64,float32,1024,1024,130.29530334472656,292.304443359375,440.71954345703125,0.12730368,0.164642816,0.026640384,0.06397952,main,ok,12.573309260886163,complete,
flash_triton,32768,64,float32,16,16,45.29960060119629,170.97975158691406,216.2935333251953,0.109182976,0.134479872,0.00851968,0.033816576,main,ok,8.219689012970775,complete,
naive,32768,128,bfloat16,,,7.187583923339844,9.803743839263916,17.00048065185547,4.395696128,6.55163392,4.295032832,6.450970624,main,ok,6.175299535039812,complete,
flash_pytorch,32768,128,bfloat16,1024,1024,128.0061798095703,369.3766784667969,413.4562683105469,0.118841344,0.14983168,0.018178048,0.049168384,main,ok,13.349149987101555,complete,
flash_triton,32768,128,bfloat16,64,32,1.7564639449119568,5.542975902557373,7.3023362159729,0.109182976,0.159514624,0.00851968,0.058851328,main,ok,4.398637699894607,complete,
naive,32768,128,float32,,,20.426703453063965,37.280113220214844,57.68191909790039,8.724283392,13.036158976,8.590065664,12.901941248,main,ok,6.670674949884415,complete,
flash_pytorch,32768,128,float32,1024,1024,131.11036682128906,383.57672119140625,423.5696105957031,0.169508864,0.232538112,0.035291136,0.098320384,main,ok,12.95497988909483,complete,
flash_triton,32768,128,float32,16,16,86.31196594238281,347.6235656738281,433.7105712890625,0.151126016,0.201588736,0.016908288,0.067371008,main,ok,12.38479532301426,complete,
naive,65536,16,bfloat16,,,24.237631797790527,39.05835151672363,63.28499221801758,17.255497728,25.847660544,17.180000256,25.772163072,main,ok,16.29172307997942,complete,
flash_pytorch,65536,16,bfloat16,1024,1024,504.2768249511719,1112.5321044921875,1620.9739990234375,0.087220224,0.098942976,0.011722752,0.023445504,main,ok,36.11936351982877,complete,
flash_triton,65536,16,bfloat16,64,32,3.381951928138733,8.695648193359375,12.058015823364258,0.077856768,0.09043968,0.002359296,0.014942208,main,ok,4.46706831920892,complete,
naive,65536,16,float32,,,39.989295959472656,68.05280303955078,108.51881408691406,34.443886592,51.628212224,34.360000512,51.544326144,main,ok,22.70194157026708,complete,
flash_pytorch,65536,16,float32,1024,1024,516.6150512695312,1131.6781005859375,1798.619384765625,0.106266624,0.130760704,0.022380544,0.046874624,main,ok,37.22431190125644,complete,
flash_triton,65536,16,float32,16,16,39.52840042114258,136.1004180908203,175.61708068847656,0.088342528,0.101187584,0.004456448,0.017301504,main,ok,7.628828356042504,complete,
naive,65536,32,bfloat16,,,24.304783821105957,39.11990547180176,63.392799377441406,17.263886336,25.858146304,17.180000256,25.774260224,main,ok,15.582153376191854,complete,
flash_pytorch,65536,32,bfloat16,1024,1024,498.51971435546875,1447.3775634765625,1629.3555908203125,0.097738752,0.115818496,0.013852672,0.031932416,main,ok,38.35215941211209,complete,
flash_triton,65536,32,bfloat16,64,32,3.7159039974212646,11.527535915374756,15.2117600440979,0.088342528,0.113508352,0.004456448,0.029622272,main,ok,4.609320446383208,complete,
naive,65536,32,float32,,,42.67550468444824,73.40691375732422,121.69599914550781,34.460663808,51.649183744,34.360000512,51.548520448,main,ok,25.06864741584286,complete,
flash_pytorch,65536,32,float32,1024,1024,512.1454467773438,1139.5521240234375,1660.0416259765625,0.12730368,0.164511744,0.026640384,0.063848448,main,ok,36.4555281647481,complete,
flash_triton,65536,32,float32,16,16,100.00019073486328,362.16033935546875,462.17498779296875,0.109314048,0.134742016,0.008650752,0.03407872,main,ok,12.949591741897166,complete,
naive,65536,64,bfloat16,,,24.50868797302246,39.53112030029297,64.06582641601562,17.280663552,25.879117824,17.180000256,25.778454528,main,ok,16.232096038758755,complete,
flash_pytorch,65536,64,bfloat16,1024,1024,509.31640625,1105.337646484375,1658.3470458984375,0.118775808,0.149569536,0.018112512,0.04890624,main,ok,37.937679222784936,complete,
flash_triton,65536,64,bfloat16,32,32,11.049967765808105,22.729280471801758,33.72804832458496,0.109314048,0.159645696,0.008650752,0.0589824,main,ok,5.480210057925433,complete,
naive,65536,64,float32,,,49.048784255981445,96.12774658203125,146.1440887451172,34.49421824,51.691126784,34.360000512,51.556909056,main,ok,23.806760335806757,complete,
flash_pytorch,65536,64,float32,1024,1024,522.911865234375,1393.59521484375,1878.2947998046875,0.169377792,0.232013824,0.035160064,0.097796096,main,ok,41.39812950370833,complete,
flash_triton,65536,64,float32,16,16,180.8832244873047,682.7813110351562,863.638916015625,0.151257088,0.20185088,0.01703936,0.067633152,main,ok,20.86336194491014,complete,
naive,65536,128,bfloat16,,,24.691872596740723,40.084638595581055,64.83209228515625,17.314217984,25.921060864,17.180000256,25.786843136,main,ok,15.755434151738882,complete,
flash_pytorch,65536,128,bfloat16,1024,1024,519.7293701171875,1123.9066162109375,1679.9583740234375,0.16084992,0.217071616,0.026632192,0.082853888,main,ok,37.578239844180644,complete,
flash_triton,65536,128,bfloat16,64,32,6.481152057647705,21.855039596557617,28.31292724609375,0.151257088,0.251920384,0.01703936,0.117702656,main,ok,4.732477798126638,complete,
naive,65536,128,float32,,,67.71177673339844,142.15692138671875,210.69110107421875,34.561327104,51.775012864,34.360000512,51.573686272,main,ok,25.443951218388975,complete,
flash_pytorch,65536,128,float32,1024,1024,517.3312377929688,1138.865966796875,1666.23046875,0.253526016,0.367017984,0.052199424,0.165691392,main,ok,40.089275227859616,complete,
flash_triton,65536,128,float32,16,16,343.68841552734375,1386.10302734375,1729.809814453125,0.235143168,0.336068608,0.033816576,0.134742016,main,ok,38.2044042670168,complete,
